employee_id,name,branch_id,role,hire_date,salary,hire_year,hire_month,hire_day,salarys
1,Richard Rodriguez,30,Customer Service,2016-11-09,62479,2016,11,9,False
2,Robert Rodriguez,136,Relationship Manager,2010-08-04,50855,2010,8,4,False
3,Arjun Rodriguez,35,Customer Service,2020-02-12,94948,2020,2,12,False
4,Arjun Singh,146,Loan Officer,2022-02-11,40756,2022,2,11,False
5,Robert Joshi,29,Customer Service,2010-05-09,155016,2010,5,9,False
6,Barbara Joshi,83,Loan Officer,2022-06-02,175507,2022,6,2,False
7,Elizabeth Chopra,119,Loan Officer,2002-10-26,120049,2002,10,26,False
8,Arjun Miller,12,Branch Manager,2002-09-23,176937,2002,9,23,False
9,Rahul Pillai,11,Teller,2025-04-02,38448,2025,4,2,False
10,Rahul Reddy,128,Teller,2014-08-06,124146,2014,8,6,False
11,Kiran Reddy,10,Loan Officer,2011-06-15,95322,2011,6,15,False
12,Sanjay Kumar,93,Teller,2003-12-16,70159,2003,12,16,False
13,Susan Malhotra,141,Loan Officer,2007-05-06,75389,2007,5,6,False
14,Robert Pillai,93,Customer Service,2017-06-09,110867,2017,6,9,False
15,Vikram Rao,73,Relationship Manager,2023-04-17,125530,2023,4,17,False
16,Deepak Mehta,63,Teller,2010-05-12,52929,2010,5,12,False
17,Ajay Chopra,96,Customer Service,2011-07-23,121413,2011,7,23,False
18,Elizabeth Davis,86,Loan Officer,2004-02-24,168834,2004,2,24,False
19,Elizabeth Martinez,76,Teller,2002-02-10,29580,2002,2,10,False
20,Mary Mehta,24,Teller,2011-02-16,161510,2011,2,16,False
21,Jennifer Johnson,100,Teller,2014-09-21,120369,2014,9,21,False
22,Priya Martinez,111,Teller,2002-08-26,80017,2002,8,26,False
23,Priya Kumar,107,Teller,2010-05-20,139697,2010,5,20,False
24,Jessica Menon,12,Loan Officer,2016-04-21,121903,2016,4,21,False
25,Richard Nair,106,Branch Manager,2020-08-10,144846,2020,8,10,False
26,Ritu Verma,110,Teller,2023-11-07,40355,2023,11,7,False
27,Charles Patel,28,Teller,2008-08-25,36964,2008,8,25,False
28,Manoj Singh,128,Teller,2022-03-27,125586,2022,3,27,False
29,Ajay Reddy,79,Branch Manager,2017-08-14,74156,2017,8,14,False
30,Susan Smith,71,Teller,2006-12-15,64217,2006,12,15,False
31,William Reddy,109,Branch Manager,2017-05-31,92033,2017,5,31,False
32,Ajay Gupta,77,Teller,2004-01-02,138232,2004,1,2,False
33,Neha Kumar,82,Teller,2011-05-31,55325,2011,5,31,False
34,Barbara Desai,47,Relationship Manager,2007-10-16,175925,2007,10,16,False
35,Vikram Pillai,140,Teller,2025-03-24,91951,2025,3,24,False
36,Rohan Mehta,146,Teller,2000-11-20,50888,2000,11,20,False
37,Deepak Sharma,20,Teller,2021-10-10,38811,2021,10,10,False
38,David Patel,110,Compliance Officer,2007-02-23,158304,2007,2,23,False
39,Meera Garcia,4,Customer Service,2000-12-02,45209,2000,12,2,False
40,Kiran Pillai,56,Customer Service,2016-10-10,91682,2016,10,10,False
41,Linda Chatterjee,146,Compliance Officer,2017-03-26,129641,2017,3,26,False
42,Michael Chatterjee,27,Teller,2003-08-13,105990,2003,8,13,False
43,Rohan Martinez,57,Compliance Officer,2000-12-21,67911,2000,12,21,False
44,Mary Martinez,33,Teller,2010-05-23,44405,2010,5,23,False
45,Richard Chatterjee,110,Customer Service,2003-05-13,136133,2003,5,13,False
46,Sarah Reddy,70,Loan Officer,2001-12-20,102523,2001,12,20,False
47,Ajay Kumar,89,Loan Officer,2020-01-19,35312,2020,1,19,False
48,Meera Iyer,142,Relationship Manager,2022-03-25,55542,2022,3,25,False
49,Michael Patel,79,Teller,2018-03-21,113530,2018,3,21,False
50,Anjali Mehta,111,Compliance Officer,2023-12-30,53594,2023,12,30,False
51,Patricia Bose,15,Loan Officer,2023-11-14,87500,2023,11,14,False
52,Pooja Sharma,33,Customer Service,2001-03-08,46927,2001,3,8,False
53,Ritu Bose,143,Compliance Officer,2008-09-09,149139,2008,9,9,False
54,Anjali Davis,129,Teller,2019-04-26,123822,2019,4,26,False
55,Elizabeth Gupta,99,Relationship Manager,2008-08-18,147160,2008,8,18,False
56,Anjali Joshi,57,Customer Service,2018-09-25,35972,2018,9,25,False
57,Robert Pillai,30,Customer Service,2019-09-05,85085,2019,9,5,False
58,Rohan Joshi,128,Teller,2025-05-03,68677,2025,5,3,False
59,Karen Martinez,118,Branch Manager,2008-05-20,122652,2008,5,20,False
60,Richard Chatterjee,37,Customer Service,2008-11-03,152867,2008,11,3,False
61,James Pillai,89,Loan Officer,2000-08-13,62587,2000,8,13,False
62,Sanjay Menon,93,Teller,2007-04-04,144999,2007,4,4,False
63,Susan Smith,72,Teller,2011-07-07,116221,2011,7,7,False
64,Arjun Chopra,140,Relationship Manager,2010-09-14,153256,2010,9,14,False
65,Thomas Menon,19,Teller,2021-10-08,40352,2021,10,8,False
66,Jessica Chopra,39,Customer Service,2019-09-01,178620,2019,9,1,False
67,Anjali Miller,15,Compliance Officer,2018-07-08,94059,2018,7,8,False
68,Patricia Chopra,104,Teller,2000-02-18,70572,2000,2,18,False
69,Pooja Brown,97,Teller,2011-12-27,55774,2011,12,27,False
70,Pooja Iyer,149,Customer Service,2018-07-17,177706,2018,7,17,False
71,Jessica Mehta,82,Teller,2006-03-20,162273,2006,3,20,False
72,David Patel,23,Customer Service,2010-10-18,47941,2010,10,18,False
73,James Singh,68,Customer Service,2018-06-23,95624,2018,6,23,False
74,Kiran Davis,14,Customer Service,2020-03-11,139497,2020,3,11,False
75,Kiran Mehta,101,Loan Officer,2021-09-19,117797,2021,9,19,False
76,Elizabeth Kapoor,102,Customer Service,2010-12-03,56733,2010,12,3,False
77,Mary Kapoor,129,Customer Service,2010-03-01,82778,2010,3,1,False
78,Jennifer Rodriguez,51,Teller,2009-09-22,83956,2009,9,22,False
79,John Martinez,47,Customer Service,2010-08-30,71888,2010,8,30,False
80,Ritu Davis,11,Relationship Manager,2010-03-04,174026,2010,3,4,False
81,Anjali Patel,63,Customer Service,2004-04-11,58843,2004,4,11,False
82,Michael Rao,72,Loan Officer,2012-02-28,135404,2012,2,28,False
83,Pooja Sharma,114,Teller,2006-01-11,166604,2006,1,11,False
84,Linda Gupta,114,Teller,2013-05-04,148811,2013,5,4,False
85,Jessica Rodriguez,22,Teller,2022-08-02,149518,2022,8,2,False
86,Sneha Miller,43,Teller,2019-09-19,52139,2019,9,19,False
87,Rahul Kapoor,77,Compliance Officer,2012-02-24,48255,2012,2,24,False
88,Suresh Bose,51,Teller,2024-11-04,147003,2024,11,4,False
89,Mary Rodriguez,4,Relationship Manager,2024-11-29,141502,2024,11,29,False
90,William Chatterjee,127,Teller,2011-04-18,140767,2011,4,18,False
91,Barbara Rao,110,Teller,2019-05-28,91616,2019,5,28,False
92,Richard Garcia,79,Loan Officer,2008-09-12,107563,2008,9,12,False
93,Meera Sharma,48,Teller,2022-05-01,30340,2022,5,1,False
94,Sanjay Smith,127,Customer Service,2009-06-30,72236,2009,6,30,False
95,Susan Johnson,6,Compliance Officer,2006-07-25,108311,2006,7,25,False
96,Ajay Sharma,67,Relationship Manager,2003-05-27,47110,2003,5,27,False
97,Anita Patel,121,Teller,2021-06-01,47767,2021,6,1,False
98,Anita Malhotra,143,Customer Service,2007-07-19,34872,2007,7,19,False
99,Sarah Jones,38,Teller,2020-09-02,59910,2020,9,2,False
100,Jennifer Chatterjee,98,Relationship Manager,2002-03-13,178917,2002,3,13,False
101,Kiran Davis,29,Branch Manager,2010-11-16,133798,2010,11,16,False
102,James Jones,18,Teller,2011-02-25,172134,2011,2,25,False
103,Linda Singh,53,Teller,2004-04-02,67085,2004,4,2,False
104,Elizabeth Malhotra,133,Teller,2008-10-20,119025,2008,10,20,False
105,Barbara Mehta,104,Teller,2011-12-14,163567,2011,12,14,False
106,Jennifer Brown,74,Relationship Manager,2020-03-02,81508,2020,3,2,False
107,James Brown,43,Customer Service,2011-10-02,127889,2011,10,2,False
108,Arjun Verma,22,Compliance Officer,2006-04-01,133310,2006,4,1,False
109,Ajay Patel,41,Teller,2006-09-02,154507,2006,9,2,False
110,Robert Menon,23,Customer Service,2015-07-21,175360,2015,7,21,False
111,Richard Rodriguez,29,Teller,2011-01-27,121508,2011,1,27,False
112,Anita Garcia,104,Branch Manager,2022-11-26,116545,2022,11,26,False
113,Kiran Pillai,20,Teller,2011-03-06,160065,2011,3,6,False
114,Kavya Jones,8,Teller,2014-05-29,132047,2014,5,29,False
115,Sanjay Smith,82,Customer Service,2001-08-16,82976,2001,8,16,False
116,Amit Gupta,43,Teller,2004-12-03,123781,2004,12,3,False
117,Sarah Gupta,69,Loan Officer,2021-08-10,111469,2021,8,10,False
118,William Mehta,21,Customer Service,2008-10-05,62771,2008,10,5,False
119,Suresh Desai,32,Teller,2010-09-13,106415,2010,9,13,False
120,Divya Joshi,67,Relationship Manager,2015-01-02,122782,2015,1,2,False
121,Mary Rodriguez,104,Branch Manager,2001-06-21,165376,2001,6,21,False
122,Rahul Menon,63,Relationship Manager,2012-11-15,116231,2012,11,15,False
123,Patricia Mehta,82,Customer Service,2008-10-18,53067,2008,10,18,False
124,Pooja Williams,79,Customer Service,2003-10-11,178122,2003,10,11,False
125,Manoj Pillai,41,Customer Service,2010-08-19,115865,2010,8,19,False
126,Jennifer Jones,42,Relationship Manager,2011-05-10,71639,2011,5,10,False
127,Sarah Rao,64,Customer Service,2004-09-25,142673,2004,9,25,False
128,Jennifer Malhotra,5,Teller,2013-10-20,86474,2013,10,20,False
129,Amit Davis,103,Teller,2006-10-17,84247,2006,10,17,False
130,Kiran Rodriguez,93,Customer Service,2024-07-25,155594,2024,7,25,False
131,Patricia Iyer,46,Teller,2015-07-26,159872,2015,7,26,False
132,Thomas Desai,57,Teller,2019-08-25,107636,2019,8,25,False
133,Ajay Miller,50,Teller,2001-10-13,84698,2001,10,13,False
134,Richard Kapoor,98,Branch Manager,2019-07-04,159217,2019,7,4,False
135,Jennifer Patel,114,Teller,2018-01-18,54342,2018,1,18,False
136,Anita Brown,17,Customer Service,2020-06-10,141573,2020,6,10,False
137,Anita Kumar,62,Customer Service,2006-05-13,116775,2006,5,13,False
138,Arjun Bose,3,Relationship Manager,2006-08-03,157816,2006,8,3,False
139,Richard Rao,68,Teller,2001-07-06,91926,2001,7,6,False
140,Ajay Garcia,38,Branch Manager,2015-05-19,154468,2015,5,19,False
141,Rohan Jones,51,Customer Service,2010-06-03,30308,2010,6,3,False
142,Barbara Gupta,69,Loan Officer,2004-02-03,143256,2004,2,3,False
143,Ajay Nair,49,Customer Service,2008-01-16,38615,2008,1,16,False
144,Deepak Reddy,60,Teller,2010-03-28,125645,2010,3,28,False
145,Anita Davis,115,Compliance Officer,2023-04-14,57682,2023,4,14,False
146,Mary Nair,122,Teller,2003-02-25,174447,2003,2,25,False
147,Sneha Rodriguez,1,Relationship Manager,2008-09-21,144938,2008,9,21,False
148,Priya Singh,57,Customer Service,2006-01-06,43901,2006,1,6,False
149,Michael Malhotra,128,Teller,2022-06-26,163590,2022,6,26,False
150,Vikram Kapoor,80,Customer Service,2023-02-10,66295,2023,2,10,False
151,Ritu Smith,31,Teller,2009-08-29,110937,2009,8,29,False
152,Robert Menon,90,Customer Service,2018-12-16,40961,2018,12,16,False
153,Rahul Smith,22,Customer Service,2019-03-19,44045,2019,3,19,False
154,Jennifer Menon,4,Teller,2017-04-30,64679,2017,4,30,False
155,Pooja Smith,95,Teller,2004-09-27,109231,2004,9,27,False
156,Sarah Nair,78,Customer Service,2001-04-04,110520,2001,4,4,False
157,James Brown,114,Teller,2008-10-28,158052,2008,10,28,False
158,Ajay Williams,52,Relationship Manager,2003-05-02,53101,2003,5,2,False
159,Michael Singh,129,Customer Service,2007-06-06,141920,2007,6,6,False
160,Sneha Kumar,64,Customer Service,2016-03-22,28893,2016,3,22,False
161,Linda Brown,111,Teller,2014-12-18,72246,2014,12,18,False
162,Kiran Menon,16,Customer Service,2005-04-28,54601,2005,4,28,False
163,Pooja Martinez,15,Relationship Manager,2000-06-13,46831,2000,6,13,False
164,Divya Martinez,118,Teller,2005-09-25,116847,2005,9,25,False
165,Sarah Rodriguez,126,Teller,2011-07-23,164903,2011,7,23,False
166,Karen Patel,142,Teller,2019-10-20,129380,2019,10,20,False
167,Neha Garcia,49,Loan Officer,2009-04-12,157821,2009,4,12,False
168,Divya Gupta,4,Customer Service,2007-04-08,117899,2007,4,8,False
169,Ritu Miller,147,Loan Officer,2014-01-05,36164,2014,1,5,False
170,James Johnson,91,Customer Service,2001-10-26,80590,2001,10,26,False
171,Arjun Verma,38,Teller,2005-09-23,153198,2005,9,23,False
172,Robert Singh,115,Teller,2013-05-11,34719,2013,5,11,False
173,Barbara Chopra,136,Teller,2011-04-07,42776,2011,4,7,False
174,Ritu Sharma,43,Relationship Manager,2015-09-07,154737,2015,9,7,False
175,David Martinez,116,Customer Service,2010-01-15,37619,2010,1,15,False
176,Divya Malhotra,119,Loan Officer,2023-05-04,173835,2023,5,4,False
177,Charles Singh,76,Customer Service,2002-10-25,143307,2002,10,25,False
178,Elizabeth Bose,95,Teller,2023-05-21,129097,2023,5,21,False
179,Susan Joshi,41,Teller,2004-12-30,109519,2004,12,30,False
180,Rohan Bose,140,Teller,2006-04-24,41579,2006,4,24,False
181,Sanjay Pillai,148,Compliance Officer,2013-06-19,91011,2013,6,19,False
182,Sneha Gupta,148,Customer Service,2000-09-29,150779,2000,9,29,False
183,Kiran Verma,111,Customer Service,2009-04-03,165387,2009,4,3,False
184,Suresh Martinez,7,Teller,2004-12-11,95941,2004,12,11,False
185,Pooja Davis,55,Teller,2012-04-06,155574,2012,4,6,False
186,Sneha Chopra,67,Customer Service,2020-09-14,146042,2020,9,14,False
187,Barbara Kumar,144,Loan Officer,2023-06-27,36758,2023,6,27,False
188,Thomas Bose,83,Relationship Manager,2005-05-23,122266,2005,5,23,False
189,Robert Garcia,81,Customer Service,2013-11-06,121645,2013,11,6,False
190,Jessica Iyer,23,Loan Officer,2012-01-22,110517,2012,1,22,False
191,Deepak Miller,120,Customer Service,2010-07-20,145384,2010,7,20,False
192,Sarah Desai,51,Compliance Officer,2016-01-30,163203,2016,1,30,False
193,Robert Rodriguez,14,Loan Officer,2025-02-22,111674,2025,2,22,False
194,Neha Jones,149,Customer Service,2010-04-19,76698,2010,4,19,False
195,Ajay Rao,29,Relationship Manager,2001-08-28,177416,2001,8,28,False
196,Suresh Desai,3,Teller,2023-04-12,174471,2023,4,12,False
197,Barbara Joshi,12,Relationship Manager,2023-09-09,132279,2023,9,9,False
198,Charles Williams,68,Teller,2008-03-11,125376,2008,3,11,False
199,Rohan Martinez,16,Customer Service,2012-09-30,43829,2012,9,30,False
200,David Jones,127,Customer Service,2021-12-03,89045,2021,12,3,False
201,Barbara Martinez,77,Customer Service,2012-03-24,58141,2012,3,24,False
202,Elizabeth Reddy,49,Loan Officer,2023-06-07,106263,2023,6,7,False
203,Meera Rodriguez,1,Customer Service,2021-01-23,153589,2021,1,23,False
204,Pooja Williams,72,Teller,2012-11-22,62128,2012,11,22,False
205,Ritu Nair,23,Teller,2004-02-08,179507,2004,2,8,False
206,Manoj Johnson,147,Teller,2017-03-11,47688,2017,3,11,False
207,Ajay Miller,44,Customer Service,2006-12-04,42947,2006,12,4,False
208,Robert Smith,72,Loan Officer,2013-08-27,176119,2013,8,27,False
209,Anjali Williams,3,Teller,2016-09-28,43250,2016,9,28,False
210,John Patel,20,Relationship Manager,2002-02-28,139747,2002,2,28,False
211,Karen Chatterjee,32,Loan Officer,2014-06-24,144034,2014,6,24,False
212,Sneha Malhotra,8,Loan Officer,2018-09-29,78176,2018,9,29,False
213,Joseph Williams,109,Loan Officer,2005-06-12,37781,2005,6,12,False
214,Jennifer Johnson,142,Teller,2013-12-08,74889,2013,12,8,False
215,Linda Sharma,148,Customer Service,2018-01-11,38421,2018,1,11,False
216,Manoj Kapoor,40,Loan Officer,2001-02-15,130180,2001,2,15,False
217,Susan Chopra,119,Teller,2016-05-15,163100,2016,5,15,False
218,Richard Bose,76,Compliance Officer,2006-08-08,179556,2006,8,8,False
219,Deepak Sharma,7,Relationship Manager,2010-02-05,149668,2010,2,5,False
220,Jennifer Garcia,14,Customer Service,2016-06-20,145744,2016,6,20,False
221,Deepak Smith,83,Relationship Manager,2000-02-10,161997,2000,2,10,False
222,Deepak Jones,64,Relationship Manager,2011-05-08,145020,2011,5,8,False
223,Sneha Johnson,2,Teller,2024-02-20,126878,2024,2,20,False
224,Michael Chatterjee,140,Customer Service,2000-02-26,179430,2000,2,26,False
225,Michael Rodriguez,110,Customer Service,2020-01-18,77025,2020,1,18,False
226,Barbara Bose,76,Teller,2001-11-27,90739,2001,11,27,False
227,Amit Reddy,149,Teller,2012-06-04,165759,2012,6,4,False
228,Michael Reddy,146,Teller,2010-12-11,75275,2010,12,11,False
229,Charles Patel,147,Customer Service,2011-11-24,73405,2011,11,24,False
230,Robert Bose,39,Customer Service,2002-01-30,51116,2002,1,30,False
231,Priya Johnson,133,Customer Service,2019-02-25,69877,2019,2,25,False
232,James Williams,76,Teller,2007-01-03,118233,2007,1,3,False
233,Rahul Gupta,109,Teller,2019-08-06,162732,2019,8,6,False
234,John Verma,129,Loan Officer,2016-08-28,48712,2016,8,28,False
235,Linda Reddy,25,Branch Manager,2014-01-04,131485,2014,1,4,False
236,Linda Chopra,68,Relationship Manager,2007-11-04,144483,2007,11,4,False
237,Ritu Rao,20,Relationship Manager,2016-07-29,164142,2016,7,29,False
238,John Davis,42,Relationship Manager,2025-05-10,142007,2025,5,10,False
239,Sarah Martinez,63,Relationship Manager,2023-06-18,51696,2023,6,18,False
240,Sneha Chopra,129,Compliance Officer,2023-04-16,102314,2023,4,16,False
241,Rohan Miller,130,Loan Officer,2005-08-01,172749,2005,8,1,False
242,Arjun Nair,59,Teller,2014-11-16,166078,2014,11,16,False
243,Divya Reddy,50,Teller,2010-02-09,121136,2010,2,9,False
244,Thomas Chopra,80,Loan Officer,2024-07-29,174404,2024,7,29,False
245,Manoj Kumar,137,Teller,2024-02-23,129541,2024,2,23,False
246,Susan Patel,147,Teller,2022-01-22,37863,2022,1,22,False
247,Meera Martinez,35,Compliance Officer,2004-02-19,166937,2004,2,19,False
248,Anita Verma,28,Teller,2008-02-08,53558,2008,2,8,False
249,Pooja Gupta,107,Compliance Officer,2018-01-28,85874,2018,1,28,False
250,Suresh Miller,46,Customer Service,2019-01-19,64191,2019,1,19,False
251,Divya Mehta,30,Customer Service,2003-06-24,137375,2003,6,24,False
252,Ritu Miller,5,Customer Service,2003-06-24,32557,2003,6,24,False
253,Rohan Kapoor,61,Teller,2017-05-25,125331,2017,5,25,False
254,Mary Chopra,59,Customer Service,2011-07-18,159385,2011,7,18,False
255,Anita Pillai,85,Teller,2012-06-24,147738,2012,6,24,False
256,Linda Brown,31,Relationship Manager,2000-06-05,74662,2000,6,5,False
257,Anjali Chopra,108,Teller,2019-03-06,164335,2019,3,6,False
258,Elizabeth Williams,103,Teller,2006-12-20,83030,2006,12,20,False
259,Elizabeth Sharma,70,Customer Service,2023-09-01,131369,2023,9,1,False
260,David Garcia,28,Customer Service,2024-04-12,105014,2024,4,12,False
261,Neha Jones,77,Loan Officer,2012-10-05,38281,2012,10,5,False
262,Amit Garcia,102,Customer Service,2008-01-10,28446,2008,1,10,False
263,Kiran Johnson,56,Teller,2005-12-04,55837,2005,12,4,False
264,Sarah Bose,40,Customer Service,2004-08-11,170067,2004,8,11,False
265,Barbara Johnson,76,Teller,2025-05-24,173004,2025,5,24,False
266,John Verma,54,Teller,2004-10-06,90336,2004,10,6,False
267,James Singh,61,Teller,2012-03-06,175234,2012,3,6,False
268,Jessica Menon,53,Teller,2017-04-05,35517,2017,4,5,False
269,Deepak Chatterjee,46,Teller,2021-06-01,175046,2021,6,1,False
270,Rohan Jones,108,Loan Officer,2014-03-07,63099,2014,3,7,False
271,Anjali Menon,70,Teller,2019-04-07,33593,2019,4,7,False
272,Robert Kapoor,70,Teller,2014-05-27,143195,2014,5,27,False
273,Patricia Garcia,98,Branch Manager,2011-02-07,86132,2011,2,7,False
274,Ritu Patel,55,Teller,2004-01-04,72434,2004,1,4,False
275,Robert Joshi,16,Customer Service,2005-04-21,143470,2005,4,21,False
276,John Verma,128,Relationship Manager,2010-12-28,78625,2010,12,28,False
277,Thomas Garcia,9,Loan Officer,2001-03-03,142438,2001,3,3,False
278,Deepak Desai,86,Relationship Manager,2008-01-15,57677,2008,1,15,False
279,Kavya Pillai,40,Teller,2011-10-04,41058,2011,10,4,False
280,Robert Menon,33,Teller,2012-01-05,77388,2012,1,5,False
281,Ritu Pillai,7,Customer Service,2020-09-15,120642,2020,9,15,False
282,Ritu Desai,136,Customer Service,2024-08-04,62196,2024,8,4,False
283,Divya Patel,65,Relationship Manager,2018-07-18,49716,2018,7,18,False
284,Deepak Garcia,52,Teller,2002-01-08,141870,2002,1,8,False
285,Elizabeth Mehta,112,Customer Service,2010-05-21,102967,2010,5,21,False
286,Meera Miller,6,Loan Officer,2018-07-20,93581,2018,7,20,False
287,Susan Iyer,85,Teller,2015-02-11,64432,2015,2,11,False
288,Divya Kapoor,75,Teller,2011-08-20,30689,2011,8,20,False
289,Amit Pillai,84,Compliance Officer,2011-02-01,36080,2011,2,1,False
290,Sanjay Rodriguez,19,Teller,2010-04-26,131587,2010,4,26,False
291,Vikram Davis,143,Relationship Manager,2014-09-19,40162,2014,9,19,False
292,Neha Chopra,36,Customer Service,2004-07-17,65533,2004,7,17,False
293,Vikram Smith,102,Customer Service,2013-02-25,166455,2013,2,25,False
294,Sanjay Reddy,113,Customer Service,2005-03-26,80284,2005,3,26,False
295,Pooja Chopra,52,Relationship Manager,2017-04-22,141186,2017,4,22,False
296,Jennifer Reddy,20,Teller,2021-12-23,80185,2021,12,23,False
297,Manoj Verma,45,Teller,2009-11-06,169637,2009,11,6,False
298,Rohan Bose,122,Customer Service,2023-11-27,152923,2023,11,27,False
299,Susan Verma,136,Loan Officer,2016-10-06,99438,2016,10,6,False
300,Rohan Kumar,141,Teller,2010-11-17,132030,2010,11,17,False
301,Ajay Patel,34,Teller,2000-05-27,90820,2000,5,27,False
302,Suresh Smith,91,Teller,2005-08-18,171549,2005,8,18,False
303,Ritu Nair,23,Teller,2006-01-03,82477,2006,1,3,False
304,Charles Johnson,107,Teller,2018-05-02,155141,2018,5,2,False
305,Divya Joshi,63,Relationship Manager,2012-09-21,121678,2012,9,21,False
306,Jessica Mehta,108,Teller,2025-05-31,125840,2025,5,31,False
307,Kavya Verma,103,Compliance Officer,2013-09-27,81437,2013,9,27,False
308,Neha Iyer,149,Compliance Officer,2022-12-14,154596,2022,12,14,False
309,David Mehta,74,Teller,2014-01-14,141433,2014,1,14,False
310,David Davis,52,Customer Service,2009-02-06,151924,2009,2,6,False
311,John Rodriguez,80,Customer Service,2018-02-28,149800,2018,2,28,False
312,Jennifer Gupta,25,Customer Service,2011-06-04,51956,2011,6,4,False
313,Sarah Davis,17,Teller,2006-12-24,161128,2006,12,24,False
314,Karen Chopra,78,Teller,2012-01-10,155960,2012,1,10,False
315,Michael Brown,124,Teller,2016-11-24,64905,2016,11,24,False
316,Sarah Bose,80,Customer Service,2009-07-18,177211,2009,7,18,False
317,Sneha Sharma,118,Compliance Officer,2017-11-22,108107,2017,11,22,False
318,Elizabeth Reddy,27,Customer Service,2024-12-03,76930,2024,12,3,False
319,Susan Jones,68,Customer Service,2010-06-14,61963,2010,6,14,False
320,Jessica Verma,92,Compliance Officer,2007-07-03,83436,2007,7,3,False
321,Anita Chopra,53,Customer Service,2010-03-22,33708,2010,3,22,False
322,Jessica Rodriguez,3,Teller,2021-04-21,132987,2021,4,21,False
323,Pooja Brown,12,Relationship Manager,2004-07-18,135589,2004,7,18,False
324,Susan Nair,140,Loan Officer,2024-09-29,129502,2024,9,29,False
325,Sarah Jones,91,Teller,2010-07-10,111445,2010,7,10,False
326,Jessica Martinez,40,Branch Manager,2021-05-22,83137,2021,5,22,False
327,Linda Patel,39,Relationship Manager,2019-12-31,138036,2019,12,31,False
328,Kavya Reddy,6,Teller,2019-11-30,160450,2019,11,30,False
329,Elizabeth Kapoor,142,Loan Officer,2023-02-06,41318,2023,2,6,False
330,Richard Singh,17,Teller,2004-09-11,86197,2004,9,11,False
331,Divya Chatterjee,114,Teller,2015-02-01,179319,2015,2,1,False
332,Kiran Johnson,37,Teller,2002-07-08,159019,2002,7,8,False
333,Arjun Sharma,51,Customer Service,2007-08-11,179140,2007,8,11,False
334,Deepak Smith,42,Relationship Manager,2001-01-11,55860,2001,1,11,False
335,Suresh Smith,124,Teller,2017-05-04,98679,2017,5,4,False
336,Karen Miller,5,Teller,2015-06-12,47813,2015,6,12,False
337,Sanjay Rao,53,Teller,2018-10-23,159640,2018,10,23,False
338,Susan Desai,42,Teller,2004-06-23,106860,2004,6,23,False
339,Charles Malhotra,41,Customer Service,2008-06-10,65022,2008,6,10,False
340,Rohan Kapoor,29,Customer Service,2017-03-10,41729,2017,3,10,False
341,Ajay Malhotra,137,Customer Service,2022-07-05,140110,2022,7,5,False
342,Ritu Garcia,57,Loan Officer,2001-11-15,151400,2001,11,15,False
343,Anita Chatterjee,63,Customer Service,2010-03-25,161642,2010,3,25,False
344,Neha Desai,58,Teller,2020-10-20,175649,2020,10,20,False
345,William Williams,148,Teller,2003-02-15,151829,2003,2,15,False
346,Divya Iyer,51,Relationship Manager,2003-12-19,147520,2003,12,19,False
347,Priya Bose,52,Customer Service,2000-05-22,151389,2000,5,22,False
348,Rohan Iyer,50,Relationship Manager,2022-05-04,179802,2022,5,4,False
349,Sanjay Chatterjee,50,Relationship Manager,2011-02-25,98380,2011,2,25,False
350,Vikram Pillai,14,Customer Service,2010-10-20,143303,2010,10,20,False
351,John Iyer,91,Relationship Manager,2016-06-08,152638,2016,6,8,False
352,Barbara Johnson,4,Loan Officer,2006-12-27,45674,2006,12,27,False
353,Linda Sharma,34,Teller,2017-07-22,132987,2017,7,22,False
354,Pooja Miller,31,Teller,2010-11-27,79502,2010,11,27,False
355,Mary Iyer,44,Teller,2006-12-06,48132,2006,12,6,False
356,William Rao,114,Teller,2010-01-13,53895,2010,1,13,False
357,Sneha Patel,90,Loan Officer,2000-02-27,45356,2000,2,27,False
358,Kavya Garcia,149,Customer Service,2007-08-30,164457,2007,8,30,False
359,Anita Martinez,53,Customer Service,2015-01-12,145332,2015,1,12,False
360,Suresh Singh,140,Customer Service,2003-07-04,43526,2003,7,4,False
361,Deepak Smith,7,Teller,2003-01-05,123070,2003,1,5,False
362,Jennifer Miller,76,Customer Service,2016-09-01,128385,2016,9,1,False
363,Ajay Desai,120,Loan Officer,2010-11-19,106945,2010,11,19,False
364,Vikram Williams,80,Teller,2003-06-22,120128,2003,6,22,False
365,Neha Gupta,140,Teller,2019-01-03,165903,2019,1,3,False
366,Patricia Miller,48,Teller,2019-09-16,106865,2019,9,16,False
367,Vikram Brown,5,Teller,2000-11-18,128257,2000,11,18,False
368,Rahul Gupta,117,Relationship Manager,2005-02-15,114806,2005,2,15,False
369,Amit Nair,11,Customer Service,2009-05-30,88214,2009,5,30,False
370,Patricia Garcia,115,Customer Service,2018-08-03,163409,2018,8,3,False
371,Rohan Williams,111,Teller,2001-11-18,90917,2001,11,18,False
372,Kiran Jones,127,Relationship Manager,2020-06-22,149592,2020,6,22,False
373,Rahul Kapoor,72,Customer Service,2008-02-13,119997,2008,2,13,False
374,Jennifer Chatterjee,135,Teller,2003-03-09,132113,2003,3,9,False
375,Ajay Garcia,26,Customer Service,2021-12-10,143561,2021,12,10,False
376,Ajay Martinez,66,Loan Officer,2002-03-16,139862,2002,3,16,False
377,Michael Sharma,19,Loan Officer,2003-04-17,113781,2003,4,17,False
378,Divya Sharma,116,Teller,2024-02-18,121553,2024,2,18,False
379,Thomas Davis,108,Branch Manager,2013-03-16,105331,2013,3,16,False
380,Sneha Johnson,121,Teller,2011-10-08,79548,2011,10,8,False
381,Charles Nair,115,Teller,2017-06-20,138488,2017,6,20,False
382,Divya Sharma,47,Teller,2016-01-07,161589,2016,1,7,False
383,Meera Sharma,11,Compliance Officer,2015-08-05,135200,2015,8,5,False
384,Divya Davis,140,Teller,2000-08-03,145369,2000,8,3,False
385,Kiran Joshi,74,Loan Officer,2014-01-08,154212,2014,1,8,False
386,Kiran Mehta,15,Teller,2007-01-31,83838,2007,1,31,False
387,Patricia Gupta,140,Relationship Manager,2020-07-11,37507,2020,7,11,False
388,David Miller,150,Customer Service,2012-11-04,79310,2012,11,4,False
389,Rahul Bose,67,Relationship Manager,2003-02-22,142752,2003,2,22,False
390,Sneha Desai,116,Teller,2022-07-10,151989,2022,7,10,False
391,John Smith,6,Teller,2007-03-24,106091,2007,3,24,False
392,Patricia Joshi,14,Customer Service,2006-11-24,146345,2006,11,24,False
393,Rohan Singh,42,Teller,2023-10-18,39353,2023,10,18,False
394,Vikram Williams,99,Relationship Manager,2019-09-14,125907,2019,9,14,False
395,Michael Chopra,21,Relationship Manager,2021-11-04,131209,2021,11,4,False
396,Linda Brown,6,Loan Officer,2016-10-30,105191,2016,10,30,False
397,Jennifer Johnson,101,Compliance Officer,2023-02-21,136914,2023,2,21,False
398,Amit Brown,116,Customer Service,2002-12-06,102703,2002,12,6,False
399,James Patel,111,Teller,2015-04-01,107591,2015,4,1,False
400,Amit Mehta,120,Loan Officer,2007-06-16,119802,2007,6,16,False
401,Karen Gupta,121,Teller,2010-02-15,148657,2010,2,15,False
402,Karen Brown,91,Relationship Manager,2006-01-17,65803,2006,1,17,False
403,Arjun Garcia,78,Teller,2005-03-18,73637,2005,3,18,False
404,Rohan Chatterjee,129,Teller,2011-03-31,91664,2011,3,31,False
405,Rahul Pillai,53,Customer Service,2023-05-04,58689,2023,5,4,False
406,Sanjay Chopra,15,Teller,2016-02-23,78801,2016,2,23,False
407,Deepak Brown,113,Teller,2008-11-17,81311,2008,11,17,False
408,Divya Bose,42,Customer Service,2011-01-06,75764,2011,1,6,False
409,Rohan Singh,147,Teller,2013-06-19,90327,2013,6,19,False
410,Anita Nair,63,Loan Officer,2006-03-20,104726,2006,3,20,False
411,Elizabeth Jones,128,Teller,2013-03-31,133781,2013,3,31,False
412,Sneha Menon,7,Teller,2006-03-07,74046,2006,3,7,False
413,Jennifer Patel,99,Teller,2014-11-08,156519,2014,11,8,False
414,Kiran Johnson,68,Customer Service,2018-01-01,100872,2018,1,1,False
415,Ritu Miller,70,Compliance Officer,2013-03-13,137579,2013,3,13,False
416,Robert Gupta,40,Teller,2007-06-03,45450,2007,6,3,False
417,Divya Johnson,146,Compliance Officer,2014-02-02,54446,2014,2,2,False
418,Robert Martinez,59,Customer Service,2020-02-28,96941,2020,2,28,False
419,Rahul Iyer,128,Customer Service,2005-08-21,83664,2005,8,21,False
420,Patricia Pillai,64,Customer Service,2014-08-09,103410,2014,8,9,False
421,Anita Williams,8,Customer Service,2017-04-17,52078,2017,4,17,False
422,Neha Rao,132,Relationship Manager,2008-03-03,99988,2008,3,3,False
423,Rahul Joshi,28,Loan Officer,2009-11-06,132382,2009,11,6,False
424,Sarah Bose,41,Branch Manager,2022-08-04,138725,2022,8,4,False
425,Deepak Joshi,130,Teller,2009-03-28,65722,2009,3,28,False
426,Sanjay Garcia,135,Teller,2015-03-16,80353,2015,3,16,False
427,William Bose,138,Customer Service,2003-10-21,107858,2003,10,21,False
428,Arjun Menon,64,Teller,2023-07-14,106732,2023,7,14,False
429,Rahul Martinez,114,Teller,2015-03-03,148358,2015,3,3,False
430,Susan Iyer,50,Teller,2019-04-29,87324,2019,4,29,False
431,Pooja Nair,112,Teller,2015-04-26,129982,2015,4,26,False
432,Anjali Iyer,76,Customer Service,2009-01-13,162330,2009,1,13,False
433,Manoj Rodriguez,8,Customer Service,2008-08-25,73352,2008,8,25,False
434,Sanjay Menon,63,Loan Officer,2017-10-27,153091,2017,10,27,False
435,Neha Pillai,71,Teller,2021-11-07,78595,2021,11,7,False
436,Barbara Verma,39,Loan Officer,2003-03-30,78827,2003,3,30,False
437,Divya Bose,57,Loan Officer,2021-06-27,127311,2021,6,27,False
438,Joseph Verma,76,Customer Service,2021-02-03,122511,2021,2,3,False
439,Rohan Malhotra,8,Customer Service,2002-10-09,111519,2002,10,9,False
440,Richard Rao,23,Loan Officer,2002-10-01,63146,2002,10,1,False
441,Richard Iyer,116,Loan Officer,2017-08-31,42651,2017,8,31,False
442,Michael Brown,53,Compliance Officer,2021-06-02,166159,2021,6,2,False
443,Ajay Kapoor,92,Customer Service,2010-01-03,160846,2010,1,3,False
444,Michael Martinez,85,Loan Officer,2016-04-13,162773,2016,4,13,False
445,Patricia Miller,83,Loan Officer,2025-05-29,105917,2025,5,29,False
446,Kiran Garcia,63,Teller,2008-03-15,162449,2008,3,15,False
447,Priya Menon,73,Relationship Manager,2005-09-19,99950,2005,9,19,False
448,Sarah Brown,124,Teller,2025-03-15,39476,2025,3,15,False
449,Pooja Malhotra,145,Teller,2007-02-17,58162,2007,2,17,False
450,Jessica Chatterjee,39,Compliance Officer,2012-01-05,69435,2012,1,5,False
451,Jennifer Smith,101,Customer Service,2011-03-28,85303,2011,3,28,False
452,Rahul Rao,146,Teller,2013-04-19,170736,2013,4,19,False
453,Linda Rao,2,Teller,2006-10-30,78589,2006,10,30,False
454,Priya Sharma,118,Teller,2017-04-04,121117,2017,4,4,False
455,Kiran Singh,75,Customer Service,2017-08-02,69151,2017,8,2,False
456,Kiran Gupta,146,Teller,2005-02-04,125777,2005,2,4,False
457,Joseph Patel,87,Relationship Manager,2012-03-22,114245,2012,3,22,False
458,Sanjay Gupta,126,Relationship Manager,2001-06-16,50865,2001,6,16,False
459,Vikram Bose,25,Branch Manager,2005-08-12,98265,2005,8,12,False
460,Karen Mehta,22,Customer Service,2025-02-02,44020,2025,2,2,False
461,Jennifer Verma,139,Teller,2012-11-13,163158,2012,11,13,False
462,Jessica Joshi,79,Teller,2015-10-29,135027,2015,10,29,False
463,Neha Bose,84,Customer Service,2022-08-03,171084,2022,8,3,False
464,Meera Joshi,26,Teller,2018-02-20,161094,2018,2,20,False
465,James Kumar,35,Teller,2020-02-20,61359,2020,2,20,False
466,Rahul Verma,123,Teller,2018-02-04,135498,2018,2,4,False
467,Ritu Malhotra,46,Teller,2012-09-04,43216,2012,9,4,False
468,Kiran Martinez,88,Loan Officer,2016-01-29,174011,2016,1,29,False
469,Sarah Rodriguez,48,Customer Service,2007-05-02,147371,2007,5,2,False
470,Robert Patel,40,Relationship Manager,2022-08-18,131433,2022,8,18,False
471,Barbara Menon,25,Customer Service,2004-07-27,179218,2004,7,27,False
472,Ritu Rao,140,Relationship Manager,2022-06-21,156730,2022,6,21,False
473,Suresh Verma,142,Loan Officer,2022-04-29,159267,2022,4,29,False
474,Neha Patel,18,Relationship Manager,2003-08-13,43219,2003,8,13,False
475,Jennifer Rodriguez,53,Branch Manager,2018-01-18,31602,2018,1,18,False
476,Robert Kapoor,85,Teller,2025-02-25,174088,2025,2,25,False
477,Karen Sharma,58,Relationship Manager,2014-07-17,66192,2014,7,17,False
478,Sneha Reddy,109,Teller,2008-08-25,92812,2008,8,25,False
479,Mary Verma,40,Teller,2013-01-10,34588,2013,1,10,False
480,Kavya Martinez,9,Teller,2003-02-03,122705,2003,2,3,False
481,Priya Menon,51,Loan Officer,2017-05-06,152758,2017,5,6,False
482,James Sharma,90,Loan Officer,2011-07-29,155945,2011,7,29,False
483,Patricia Williams,28,Branch Manager,2005-07-04,116373,2005,7,4,False
484,Charles Verma,123,Relationship Manager,2020-04-22,128521,2020,4,22,False
485,Rahul Nair,2,Teller,2003-01-24,106085,2003,1,24,False
486,Manoj Williams,11,Branch Manager,2005-07-26,95814,2005,7,26,False
487,Sarah Martinez,77,Teller,2011-11-01,112276,2011,11,1,False
488,Richard Jones,77,Relationship Manager,2001-01-01,170255,2001,1,1,False
489,Ajay Nair,45,Teller,2009-11-05,66372,2009,11,5,False
490,Charles Kumar,39,Teller,2023-02-16,99469,2023,2,16,False
491,Richard Menon,11,Branch Manager,2023-12-02,119449,2023,12,2,False
492,Charles Verma,100,Customer Service,2022-02-28,114662,2022,2,28,False
493,James Chatterjee,57,Customer Service,2008-03-26,32661,2008,3,26,False
494,Richard Miller,18,Customer Service,2001-08-25,71674,2001,8,25,False
495,Rohan Malhotra,60,Customer Service,2020-09-16,126193,2020,9,16,False
496,Deepak Reddy,141,Loan Officer,2009-06-27,133502,2009,6,27,False
497,Pooja Chopra,40,Teller,2019-01-12,139633,2019,1,12,False
498,Divya Chopra,135,Teller,2003-01-11,178688,2003,1,11,False
499,Priya Nair,39,Teller,2016-12-22,130299,2016,12,22,False
500,Robert Davis,28,Teller,2014-11-26,116109,2014,11,26,False
501,Thomas Nair,40,Loan Officer,2023-05-24,78481,2023,5,24,False
502,Meera Bose,49,Loan Officer,2002-08-04,84303,2002,8,4,False
503,Mary Menon,19,Customer Service,2010-05-14,153591,2010,5,14,False
504,Anjali Joshi,89,Loan Officer,2025-02-27,99243,2025,2,27,False
505,Kavya Garcia,51,Customer Service,2009-11-26,136762,2009,11,26,False
506,Barbara Rao,108,Customer Service,2016-09-21,46866,2016,9,21,False
507,Sanjay Brown,74,Teller,2004-02-03,47501,2004,2,3,False
508,Ritu Singh,67,Teller,2018-07-06,60752,2018,7,6,False
509,Mary Menon,71,Customer Service,2007-01-03,57661,2007,1,3,False
510,Robert Johnson,24,Customer Service,2014-07-17,120262,2014,7,17,False
511,Arjun Kapoor,107,Teller,2022-05-11,124840,2022,5,11,False
512,Meera Pillai,16,Teller,2016-10-19,112800,2016,10,19,False
513,James Chatterjee,109,Customer Service,2012-01-21,71991,2012,1,21,False
514,Arjun Verma,150,Customer Service,2004-10-30,115654,2004,10,30,False
515,Jennifer Brown,115,Teller,2008-09-03,46153,2008,9,3,False
516,Neha Joshi,69,Loan Officer,2021-08-01,99870,2021,8,1,False
517,Vikram Joshi,48,Relationship Manager,2005-06-29,51555,2005,6,29,False
518,Patricia Rao,131,Teller,2016-09-05,39665,2016,9,5,False
519,Arjun Menon,39,Relationship Manager,2012-04-28,53173,2012,4,28,False
520,Anjali Smith,73,Teller,2008-02-26,44892,2008,2,26,False
521,Suresh Mehta,116,Branch Manager,2018-03-19,100624,2018,3,19,False
522,Mary Johnson,139,Loan Officer,2009-03-15,110964,2009,3,15,False
523,David Pillai,139,Teller,2007-04-15,120322,2007,4,15,False
524,Elizabeth Singh,14,Relationship Manager,2013-06-14,94836,2013,6,14,False
525,Charles Joshi,135,Loan Officer,2019-04-04,54813,2019,4,4,False
526,Jennifer Reddy,18,Compliance Officer,2021-12-17,31175,2021,12,17,False
527,Suresh Williams,88,Teller,2016-01-03,136299,2016,1,3,False
528,Sanjay Smith,140,Relationship Manager,2016-10-28,177377,2016,10,28,False
529,Manoj Sharma,99,Relationship Manager,2020-01-06,70713,2020,1,6,False
530,William Chopra,143,Customer Service,2006-11-04,59114,2006,11,4,False
531,James Jones,52,Teller,2006-05-18,75356,2006,5,18,False
532,Deepak Chatterjee,48,Customer Service,2012-04-19,60587,2012,4,19,False
533,Barbara Davis,49,Branch Manager,2016-01-14,61971,2016,1,14,False
534,Neha Iyer,54,Relationship Manager,2016-06-01,103169,2016,6,1,False
535,Deepak Miller,103,Loan Officer,2003-11-28,147351,2003,11,28,False
536,Mary Patel,68,Teller,2019-11-03,136268,2019,11,3,False
537,James Patel,111,Teller,2009-03-31,173891,2009,3,31,False
538,James Smith,63,Customer Service,2022-04-18,82318,2022,4,18,False
539,Michael Rao,47,Compliance Officer,2018-05-30,102859,2018,5,30,False
540,John Malhotra,29,Teller,2024-12-24,85807,2024,12,24,False
541,Manoj Pillai,83,Customer Service,2016-01-20,34388,2016,1,20,False
542,Sneha Martinez,135,Relationship Manager,2013-05-28,87051,2013,5,28,False
543,Meera Desai,129,Teller,2004-10-09,67606,2004,10,9,False
544,Divya Desai,38,Teller,2010-02-17,100765,2010,2,17,False
545,Ajay Menon,72,Customer Service,2021-10-24,52023,2021,10,24,False
546,Elizabeth Verma,106,Customer Service,2009-09-16,140731,2009,9,16,False
547,Barbara Chatterjee,92,Teller,2001-05-10,156099,2001,5,10,False
548,Ritu Reddy,11,Relationship Manager,2006-03-25,174043,2006,3,25,False
549,David Johnson,89,Branch Manager,2015-02-16,40897,2015,2,16,False
550,John Rodriguez,6,Relationship Manager,2015-12-28,45880,2015,12,28,False
551,Arjun Singh,18,Relationship Manager,2025-01-01,174904,2025,1,1,False
552,Divya Jones,99,Relationship Manager,2023-09-25,156929,2023,9,25,False
553,Ajay Patel,16,Branch Manager,2013-07-04,117454,2013,7,4,False
554,Kiran Malhotra,51,Teller,2014-02-03,76873,2014,2,3,False
555,Robert Jones,89,Branch Manager,2020-05-07,106696,2020,5,7,False
556,Sanjay Iyer,99,Teller,2001-03-27,109419,2001,3,27,False
557,Ritu Miller,67,Customer Service,2015-02-16,156797,2015,2,16,False
558,Kavya Reddy,15,Teller,2012-01-18,108468,2012,1,18,False
559,Manoj Davis,120,Branch Manager,2019-11-26,32187,2019,11,26,False
560,Ritu Pillai,143,Teller,2020-05-04,134337,2020,5,4,False
561,Charles Williams,134,Teller,2016-08-29,146127,2016,8,29,False
562,Mary Pillai,113,Teller,2016-09-14,73307,2016,9,14,False
563,Charles Malhotra,61,Customer Service,2017-07-25,45723,2017,7,25,False
564,William Chatterjee,132,Customer Service,2014-09-29,49615,2014,9,29,False
565,Robert Chatterjee,74,Teller,2005-10-15,155798,2005,10,15,False
566,Jennifer Garcia,21,Relationship Manager,2007-03-26,96026,2007,3,26,False
567,Kavya Joshi,128,Relationship Manager,2018-11-08,108434,2018,11,8,False
568,Anita Rao,49,Teller,2015-09-19,174014,2015,9,19,False
569,Priya Pillai,141,Customer Service,2006-01-17,37291,2006,1,17,False
570,Pooja Desai,56,Loan Officer,2022-04-24,59302,2022,4,24,False
571,Priya Rao,131,Teller,2024-12-03,154653,2024,12,3,False
572,Vikram Verma,81,Branch Manager,2015-11-29,110101,2015,11,29,False
573,Patricia Brown,71,Teller,2005-10-15,32151,2005,10,15,False
574,Ritu Brown,45,Relationship Manager,2006-01-06,134838,2006,1,6,False
575,Charles Verma,126,Relationship Manager,2010-12-28,49032,2010,12,28,False
576,Michael Bose,10,Relationship Manager,2021-10-28,146885,2021,10,28,False
577,Manoj Nair,71,Customer Service,2013-03-26,149269,2013,3,26,False
578,Pooja Iyer,56,Customer Service,2006-03-05,153309,2006,3,5,False
579,John Davis,82,Compliance Officer,2002-01-13,98660,2002,1,13,False
580,Linda Reddy,39,Teller,2009-03-04,68709,2009,3,4,False
581,James Kapoor,100,Teller,2017-01-30,161971,2017,1,30,False
582,Barbara Menon,58,Customer Service,2018-03-01,112932,2018,3,1,False
583,Robert Kumar,29,Teller,2005-08-31,124585,2005,8,31,False
584,Rahul Mehta,30,Teller,2004-01-13,48750,2004,1,13,False
585,Rohan Joshi,105,Teller,2004-01-16,122776,2004,1,16,False
586,Meera Gupta,40,Customer Service,2001-08-19,116174,2001,8,19,False
587,Pooja Pillai,47,Teller,2012-05-11,72419,2012,5,11,False
588,Vikram Verma,95,Teller,2014-07-05,144561,2014,7,5,False
589,Anita Brown,50,Teller,2005-05-14,48319,2005,5,14,False
590,John Gupta,59,Loan Officer,2008-09-17,137345,2008,9,17,False
591,John Brown,37,Relationship Manager,2000-03-26,174098,2000,3,26,False
592,Vikram Brown,52,Teller,2000-04-19,114223,2000,4,19,False
593,James Desai,104,Customer Service,2009-05-31,43929,2009,5,31,False
594,Mary Malhotra,81,Customer Service,2000-07-03,112102,2000,7,3,False
595,William Miller,150,Teller,2008-02-02,108409,2008,2,2,False
596,Anjali Chatterjee,116,Relationship Manager,2014-10-06,111932,2014,10,6,False
597,Charles Williams,3,Customer Service,2000-10-16,69430,2000,10,16,False
598,Rahul Rodriguez,57,Customer Service,2015-09-14,123165,2015,9,14,False
599,Thomas Kumar,44,Teller,2015-10-15,68149,2015,10,15,False
600,Linda Martinez,89,Teller,2014-07-28,112795,2014,7,28,False
601,Jessica Kumar,40,Compliance Officer,2015-12-05,118377,2015,12,5,False
602,Patricia Desai,145,Customer Service,2020-07-26,126172,2020,7,26,False
603,Sanjay Johnson,45,Relationship Manager,2001-10-19,149285,2001,10,19,False
604,Linda Smith,79,Relationship Manager,2004-04-16,162145,2004,4,16,False
605,Jessica Pillai,19,Teller,2008-01-22,146131,2008,1,22,False
606,Meera Nair,137,Customer Service,2017-06-27,148972,2017,6,27,False
607,Sneha Nair,137,Loan Officer,2022-03-08,160057,2022,3,8,False
608,Charles Patel,120,Customer Service,2023-05-07,64856,2023,5,7,False
609,Priya Patel,53,Teller,2014-10-18,72521,2014,10,18,False
610,Divya Singh,9,Teller,2010-06-04,109024,2010,6,4,False
611,David Rao,107,Customer Service,2010-06-21,98794,2010,6,21,False
612,Neha Jones,65,Customer Service,2001-07-09,134723,2001,7,9,False
613,Suresh Mehta,149,Customer Service,2011-10-27,29418,2011,10,27,False
614,Amit Singh,105,Teller,2013-01-12,49125,2013,1,12,False
615,Charles Brown,81,Teller,2005-04-17,141522,2005,4,17,False
616,Jennifer Verma,149,Compliance Officer,2019-07-08,152938,2019,7,8,False
617,David Malhotra,121,Loan Officer,2020-08-19,73956,2020,8,19,False
618,Kiran Mehta,69,Loan Officer,2007-09-04,75262,2007,9,4,False
619,Priya Jones,3,Customer Service,2023-03-25,113347,2023,3,25,False
620,Richard Johnson,14,Loan Officer,2002-09-21,100521,2002,9,21,False
621,Sarah Rao,67,Customer Service,2023-02-22,53733,2023,2,22,False
622,Amit Patel,85,Loan Officer,2019-07-10,104069,2019,7,10,False
623,Priya Pillai,5,Relationship Manager,2005-09-09,152548,2005,9,9,False
624,Kavya Nair,19,Relationship Manager,2016-07-10,138890,2016,7,10,False
625,David Joshi,106,Relationship Manager,2007-11-24,152225,2007,11,24,False
626,Neha Miller,113,Customer Service,2020-04-28,125860,2020,4,28,False
627,Charles Patel,5,Loan Officer,2004-01-31,161372,2004,1,31,False
628,Kiran Jones,77,Customer Service,2006-03-23,65972,2006,3,23,False
629,Michael Rao,13,Relationship Manager,2007-10-22,34982,2007,10,22,False
630,Michael Garcia,109,Customer Service,2005-01-27,45334,2005,1,27,False
631,Charles Iyer,126,Customer Service,2015-04-25,178853,2015,4,25,False
632,Anita Sharma,131,Customer Service,2014-01-29,125358,2014,1,29,False
633,Kavya Garcia,90,Customer Service,2004-10-26,65662,2004,10,26,False
634,Thomas Williams,95,Customer Service,2005-02-22,157822,2005,2,22,False
635,Deepak Nair,139,Teller,2023-05-14,75033,2023,5,14,False
636,Karen Pillai,92,Loan Officer,2006-05-22,118786,2006,5,22,False
637,Jennifer Garcia,67,Customer Service,2002-08-15,65899,2002,8,15,False
638,Robert Gupta,114,Teller,2011-07-16,42423,2011,7,16,False
639,Ajay Miller,89,Relationship Manager,2000-03-04,68664,2000,3,4,False
640,Jennifer Bose,127,Customer Service,2008-09-15,62682,2008,9,15,False
641,Kiran Gupta,79,Teller,2021-09-23,112004,2021,9,23,False
642,Barbara Menon,131,Relationship Manager,2006-10-18,31145,2006,10,18,False
643,Patricia Davis,7,Customer Service,2017-11-20,64451,2017,11,20,False
644,Richard Williams,6,Customer Service,2012-06-12,114301,2012,6,12,False
645,Vikram Rao,15,Loan Officer,2009-01-11,87853,2009,1,11,False
646,Sarah Kapoor,84,Relationship Manager,2016-10-24,124662,2016,10,24,False
647,Divya Menon,107,Loan Officer,2015-02-19,127652,2015,2,19,False
648,Vikram Desai,33,Customer Service,2008-02-02,174737,2008,2,2,False
649,Thomas Desai,24,Teller,2005-09-06,155075,2005,9,6,False
650,Neha Kapoor,130,Customer Service,2023-04-20,62689,2023,4,20,False
651,Ajay Sharma,113,Customer Service,2004-04-12,133296,2004,4,12,False
652,Thomas Gupta,98,Customer Service,2024-05-21,123340,2024,5,21,False
653,Michael Jones,74,Loan Officer,2025-05-01,118337,2025,5,1,False
654,Thomas Gupta,64,Relationship Manager,2008-12-22,149445,2008,12,22,False
655,Ritu Sharma,4,Customer Service,2014-05-16,50454,2014,5,16,False
656,William Johnson,29,Teller,2015-08-21,85026,2015,8,21,False
657,Kiran Miller,135,Compliance Officer,2008-08-10,152049,2008,8,10,False
658,Sneha Reddy,51,Customer Service,2005-07-18,163608,2005,7,18,False
659,Sneha Verma,106,Compliance Officer,2013-03-23,33665,2013,3,23,False
660,Richard Menon,106,Compliance Officer,2016-11-05,99663,2016,11,5,False
661,Deepak Iyer,47,Relationship Manager,2006-08-23,68157,2006,8,23,False
662,Mary Pillai,31,Customer Service,2019-06-28,53529,2019,6,28,False
663,Richard Kapoor,104,Customer Service,2016-03-27,36672,2016,3,27,False
664,Sarah Johnson,15,Teller,2004-03-26,109783,2004,3,26,False
665,Karen Miller,75,Branch Manager,2023-11-09,129449,2023,11,9,False
666,Karen Kumar,134,Customer Service,2001-02-11,108751,2001,2,11,False
667,Michael Reddy,107,Branch Manager,2016-08-12,83992,2016,8,12,False
668,Elizabeth Martinez,115,Relationship Manager,2011-03-04,145238,2011,3,4,False
669,Patricia Nair,13,Teller,2016-08-13,127111,2016,8,13,False
670,Amit Joshi,30,Loan Officer,2019-09-03,166080,2019,9,3,False
671,Joseph Verma,42,Branch Manager,2017-06-19,80748,2017,6,19,False
672,Amit Johnson,44,Loan Officer,2016-07-16,64323,2016,7,16,False
673,Sneha Martinez,30,Teller,2021-05-15,97272,2021,5,15,False
674,Kavya Pillai,146,Teller,2017-11-02,105044,2017,11,2,False
675,Priya Chopra,25,Relationship Manager,2010-03-28,97610,2010,3,28,False
676,Neha Chatterjee,107,Loan Officer,2005-12-20,154525,2005,12,20,False
677,Sneha Joshi,89,Teller,2015-07-23,34928,2015,7,23,False
678,Neha Brown,92,Teller,2013-07-07,108220,2013,7,7,False
679,Vikram Rodriguez,33,Loan Officer,2001-12-17,93394,2001,12,17,False
680,Richard Johnson,47,Teller,2005-03-12,60051,2005,3,12,False
681,David Smith,91,Customer Service,2024-08-03,125441,2024,8,3,False
682,Divya Chatterjee,45,Customer Service,2018-06-16,149802,2018,6,16,False
683,Joseph Pillai,105,Teller,2019-03-10,110999,2019,3,10,False
684,Priya Jones,6,Customer Service,2005-01-02,40912,2005,1,2,False
685,William Kumar,11,Teller,2001-08-19,39443,2001,8,19,False
686,Sarah Reddy,110,Teller,2007-05-27,92087,2007,5,27,False
687,Rohan Williams,93,Relationship Manager,2021-10-11,129544,2021,10,11,False
688,Vikram Joshi,7,Branch Manager,2012-11-15,75653,2012,11,15,False
689,Rohan Desai,135,Relationship Manager,2019-12-10,74947,2019,12,10,False
690,Joseph Rao,1,Teller,2012-05-15,158736,2012,5,15,False
691,Ajay Kumar,144,Teller,2012-06-16,30194,2012,6,16,False
692,Rohan Verma,110,Loan Officer,2015-04-09,40119,2015,4,9,False
693,Manoj Malhotra,149,Loan Officer,2024-05-15,51650,2024,5,15,False
694,Pooja Patel,143,Compliance Officer,2011-02-12,177505,2011,2,12,False
695,Priya Menon,47,Teller,2015-02-21,103629,2015,2,21,False
696,Anjali Johnson,114,Relationship Manager,2023-05-15,52059,2023,5,15,False
697,Jennifer Garcia,32,Relationship Manager,2009-06-18,75181,2009,6,18,False
698,Deepak Menon,71,Customer Service,2021-05-07,175351,2021,5,7,False
699,Ritu Rodriguez,37,Teller,2013-08-06,133546,2013,8,6,False
700,Anita Martinez,73,Branch Manager,2022-05-05,62001,2022,5,5,False
701,Pooja Malhotra,131,Teller,2011-11-21,64579,2011,11,21,False
702,Rohan Garcia,66,Customer Service,2015-12-31,39393,2015,12,31,False
703,Barbara Nair,14,Loan Officer,2008-03-20,145465,2008,3,20,False
704,Divya Rodriguez,49,Relationship Manager,2016-02-20,48885,2016,2,20,False
705,David Garcia,118,Customer Service,2008-04-16,71544,2008,4,16,False
706,Richard Pillai,79,Branch Manager,2015-06-26,80952,2015,6,26,False
707,Rohan Garcia,85,Customer Service,2020-01-18,122371,2020,1,18,False
708,Ritu Williams,65,Branch Manager,2011-01-20,120160,2011,1,20,False
709,Jessica Singh,44,Relationship Manager,2010-11-28,149480,2010,11,28,False
710,Anita Desai,90,Teller,2008-03-09,73185,2008,3,9,False
711,Mary Brown,95,Compliance Officer,2018-07-25,86604,2018,7,25,False
712,Robert Kumar,135,Relationship Manager,2015-01-17,87071,2015,1,17,False
713,John Reddy,93,Relationship Manager,2013-02-15,35114,2013,2,15,False
714,John Bose,150,Loan Officer,2000-08-25,140111,2000,8,25,False
715,Suresh Brown,124,Relationship Manager,2002-10-19,109387,2002,10,19,False
716,Ritu Menon,12,Teller,2000-03-10,100303,2000,3,10,False
717,Manoj Mehta,59,Customer Service,2021-08-10,179302,2021,8,10,False
718,John Chatterjee,58,Teller,2021-08-23,55184,2021,8,23,False
719,Patricia Sharma,1,Teller,2001-09-22,175286,2001,9,22,False
720,Barbara Pillai,28,Loan Officer,2001-03-06,131416,2001,3,6,False
721,Amit Mehta,115,Teller,2019-11-11,61595,2019,11,11,False
722,Susan Brown,53,Loan Officer,2013-05-03,131135,2013,5,3,False
723,Karen Joshi,23,Relationship Manager,2007-11-07,142865,2007,11,7,False
724,Linda Malhotra,44,Teller,2015-08-18,83096,2015,8,18,False
725,Rahul Martinez,42,Customer Service,2006-01-04,80432,2006,1,4,False
726,Richard Reddy,27,Teller,2005-01-13,154948,2005,1,13,False
727,John Verma,16,Customer Service,2009-05-04,52361,2009,5,4,False
728,Pooja Reddy,115,Customer Service,2022-10-07,30027,2022,10,7,False
729,Deepak Pillai,124,Loan Officer,2019-07-01,129219,2019,7,1,False
730,James Desai,75,Customer Service,2004-10-30,165794,2004,10,30,False
731,Sarah Miller,93,Relationship Manager,2014-04-11,104132,2014,4,11,False
732,Manoj Menon,138,Relationship Manager,2022-06-24,48516,2022,6,24,False
733,Kavya Patel,127,Loan Officer,2024-03-08,109963,2024,3,8,False
734,Suresh Kumar,5,Loan Officer,2019-05-23,66286,2019,5,23,False
735,Sarah Chopra,143,Customer Service,2003-04-11,153763,2003,4,11,False
736,Jessica Iyer,11,Teller,2006-02-12,121040,2006,2,12,False
737,Rahul Patel,4,Relationship Manager,2005-07-22,79154,2005,7,22,False
738,Michael Patel,61,Teller,2003-10-31,122932,2003,10,31,False
739,Elizabeth Chatterjee,112,Relationship Manager,2004-06-15,129398,2004,6,15,False
740,Sneha Verma,13,Teller,2008-01-14,131168,2008,1,14,False
741,Arjun Rodriguez,44,Teller,2014-02-12,83661,2014,2,12,False
742,Robert Sharma,40,Compliance Officer,2010-02-11,114735,2010,2,11,False
743,Anita Garcia,60,Relationship Manager,2010-09-11,34494,2010,9,11,False
744,Joseph Verma,148,Relationship Manager,2006-03-31,89339,2006,3,31,False
745,Anita Brown,50,Compliance Officer,2025-05-21,85458,2025,5,21,False
746,Ajay Williams,32,Loan Officer,2015-03-23,109270,2015,3,23,False
747,Patricia Kumar,19,Teller,2005-11-01,172405,2005,11,1,False
748,Meera Williams,30,Teller,2020-08-02,172937,2020,8,2,False
749,Charles Rao,20,Branch Manager,2021-02-09,101455,2021,2,9,False
750,Sanjay Malhotra,87,Teller,2024-07-27,126213,2024,7,27,False
751,Sarah Kumar,64,Relationship Manager,2004-01-17,44451,2004,1,17,False
752,Richard Patel,75,Teller,2016-04-06,101303,2016,4,6,False
753,Sanjay Garcia,125,Teller,2024-11-29,132549,2024,11,29,False
754,Kavya Joshi,88,Teller,2020-07-02,131784,2020,7,2,False
755,Jennifer Chatterjee,24,Teller,2005-09-24,174433,2005,9,24,False
756,Kavya Mehta,57,Teller,2022-09-12,98868,2022,9,12,False
757,Pooja Williams,47,Customer Service,2010-09-19,166007,2010,9,19,False
758,Jessica Johnson,125,Teller,2014-03-13,176764,2014,3,13,False
759,Deepak Martinez,47,Customer Service,2019-08-09,114938,2019,8,9,False
760,Neha Jones,21,Relationship Manager,2013-09-14,41904,2013,9,14,False
761,Susan Chatterjee,111,Customer Service,2020-10-04,85194,2020,10,4,False
762,James Miller,65,Customer Service,2013-12-09,144236,2013,12,9,False
763,Arjun Rodriguez,15,Loan Officer,2001-06-06,116263,2001,6,6,False
764,William Menon,104,Teller,2013-12-16,170320,2013,12,16,False
765,Sanjay Bose,32,Teller,2017-11-16,152021,2017,11,16,False
766,Rohan Miller,131,Compliance Officer,2013-12-20,37610,2013,12,20,False
767,Karen Verma,125,Customer Service,2024-11-21,158908,2024,11,21,False
768,Michael Nair,56,Teller,2015-04-26,82320,2015,4,26,False
769,Rahul Kapoor,84,Loan Officer,2012-11-30,152464,2012,11,30,False
770,Michael Pillai,86,Relationship Manager,2001-05-30,105183,2001,5,30,False
771,Sarah Desai,99,Customer Service,2004-04-14,97232,2004,4,14,False
772,Ritu Menon,11,Customer Service,2018-06-02,39011,2018,6,2,False
773,Deepak Johnson,49,Relationship Manager,2004-02-05,46066,2004,2,5,False
774,Meera Davis,26,Customer Service,2023-01-16,118485,2023,1,16,False
775,Ajay Reddy,105,Customer Service,2007-09-04,114514,2007,9,4,False
776,Priya Johnson,11,Teller,2011-01-11,112346,2011,1,11,False
777,William Sharma,78,Teller,2003-09-07,51777,2003,9,7,False
778,Ritu Jones,110,Compliance Officer,2005-05-09,105510,2005,5,9,False
779,Divya Joshi,143,Customer Service,2023-06-07,37265,2023,6,7,False
780,Meera Johnson,44,Loan Officer,2013-01-13,49908,2013,1,13,False
781,Neha Jones,2,Customer Service,2024-12-10,103797,2024,12,10,False
782,Jennifer Garcia,109,Teller,2015-11-06,121777,2015,11,6,False
783,Anita Jones,1,Relationship Manager,2001-01-21,127616,2001,1,21,False
784,Charles Rao,10,Teller,2009-10-31,177256,2009,10,31,False
785,Ritu Sharma,149,Relationship Manager,2007-01-08,157830,2007,1,8,False
786,Thomas Joshi,130,Branch Manager,2006-02-16,85726,2006,2,16,False
787,Susan Davis,107,Teller,2012-10-14,146991,2012,10,14,False
788,Patricia Reddy,126,Teller,2009-08-01,42538,2009,8,1,False
789,Ritu Kapoor,12,Relationship Manager,2007-06-25,158300,2007,6,25,False
790,Pooja Mehta,14,Teller,2010-06-30,86769,2010,6,30,False
791,Mary Malhotra,46,Teller,2005-10-24,143530,2005,10,24,False
792,Sarah Miller,4,Customer Service,2011-07-04,175536,2011,7,4,False
793,Karen Nair,134,Loan Officer,2023-12-13,134892,2023,12,13,False
794,Karen Bose,9,Loan Officer,2012-11-07,167877,2012,11,7,False
795,Deepak Chatterjee,82,Teller,2015-03-10,29540,2015,3,10,False
796,Michael Mehta,129,Relationship Manager,2025-01-06,53924,2025,1,6,False
797,Richard Kapoor,111,Teller,2015-08-06,123167,2015,8,6,False
798,Linda Chatterjee,36,Teller,2005-09-04,110169,2005,9,4,False
799,David Mehta,71,Teller,2010-02-16,46313,2010,2,16,False
800,Deepak Pillai,83,Teller,2012-05-26,137192,2012,5,26,False
801,Kiran Brown,116,Teller,2012-01-25,36917,2012,1,25,False
802,Mary Sharma,64,Teller,2003-10-19,178596,2003,10,19,False
803,Vikram Brown,43,Teller,2002-09-09,51774,2002,9,9,False
804,Elizabeth Williams,120,Loan Officer,2008-11-23,95711,2008,11,23,False
805,Linda Iyer,133,Relationship Manager,2023-03-28,153140,2023,3,28,False
806,Barbara Miller,74,Teller,2018-03-25,106134,2018,3,25,False
807,Linda Gupta,5,Teller,2021-05-23,141065,2021,5,23,False
808,Anita Patel,76,Relationship Manager,2004-06-07,134954,2004,6,7,False
809,Meera Mehta,134,Relationship Manager,2010-07-12,172213,2010,7,12,False
810,Sneha Pillai,149,Customer Service,2014-10-10,98520,2014,10,10,False
811,Rahul Chatterjee,61,Teller,2011-01-14,176804,2011,1,14,False
812,Anita Verma,23,Loan Officer,2010-08-04,106548,2010,8,4,False
813,James Martinez,86,Teller,2009-02-21,163779,2009,2,21,False
814,Patricia Malhotra,125,Teller,2001-04-23,139361,2001,4,23,False
815,Barbara Brown,142,Loan Officer,2021-10-14,48204,2021,10,14,False
816,Elizabeth Reddy,8,Customer Service,2023-09-18,125831,2023,9,18,False
817,Ritu Gupta,44,Loan Officer,2002-01-20,161514,2002,1,20,False
818,Ritu Garcia,72,Customer Service,2010-07-06,47513,2010,7,6,False
819,Suresh Mehta,15,Teller,2013-02-28,155472,2013,2,28,False
820,Neha Martinez,133,Teller,2019-12-04,44026,2019,12,4,False
821,Priya Garcia,17,Customer Service,2025-01-28,160405,2025,1,28,False
822,Neha Kapoor,100,Relationship Manager,2019-01-13,147914,2019,1,13,False
823,Thomas Garcia,138,Teller,2023-10-28,51056,2023,10,28,False
824,Arjun Singh,103,Customer Service,2021-02-06,138422,2021,2,6,False
825,Divya Jones,115,Teller,2007-05-20,45752,2007,5,20,False
826,Sanjay Patel,40,Teller,2020-10-10,114340,2020,10,10,False
827,Vikram Bose,125,Customer Service,2010-06-23,168418,2010,6,23,False
828,John Miller,63,Teller,2000-06-11,59306,2000,6,11,False
829,Rahul Malhotra,10,Loan Officer,2019-04-15,54421,2019,4,15,False
830,Jessica Kumar,55,Loan Officer,2021-03-26,92277,2021,3,26,False
831,Pooja Joshi,53,Teller,2008-09-25,84030,2008,9,25,False
832,Priya Garcia,79,Teller,2011-06-18,35367,2011,6,18,False
833,Anjali Kumar,40,Teller,2009-04-05,97309,2009,4,5,False
834,Susan Pillai,70,Compliance Officer,2002-12-22,67451,2002,12,22,False
835,Kiran Chopra,65,Customer Service,2000-07-28,46915,2000,7,28,False
836,Ritu Garcia,50,Loan Officer,2000-05-18,69957,2000,5,18,False
837,Susan Bose,105,Teller,2017-07-09,31136,2017,7,9,False
838,Karen Brown,46,Customer Service,2022-11-23,167086,2022,11,23,False
839,Rohan Rao,115,Teller,2016-05-09,179101,2016,5,9,False
840,Sanjay Iyer,38,Branch Manager,2015-05-29,83878,2015,5,29,False
841,Kavya Nair,130,Customer Service,2021-01-15,161251,2021,1,15,False
842,Ritu Nair,55,Loan Officer,2024-10-04,98124,2024,10,4,False
843,Jessica Smith,7,Teller,2005-11-18,166675,2005,11,18,False
844,Anita Nair,23,Teller,2014-04-25,54315,2014,4,25,False
845,Sarah Pillai,121,Teller,2020-10-23,71253,2020,10,23,False
846,Deepak Patel,131,Loan Officer,2007-06-27,140453,2007,6,27,False
847,Richard Rodriguez,32,Relationship Manager,2017-02-27,61455,2017,2,27,False
848,Sneha Menon,91,Teller,2000-07-30,153177,2000,7,30,False
849,Robert Williams,87,Customer Service,2022-04-19,92731,2022,4,19,False
850,Ritu Iyer,21,Customer Service,2015-08-13,89392,2015,8,13,False
851,Jessica Nair,68,Teller,2018-11-20,96904,2018,11,20,False
852,Susan Iyer,105,Teller,2020-12-23,149275,2020,12,23,False
853,Amit Joshi,146,Teller,2005-07-23,28851,2005,7,23,False
854,Anita Gupta,128,Customer Service,2011-06-14,142104,2011,6,14,False
855,Ritu Menon,15,Loan Officer,2021-10-27,146446,2021,10,27,False
856,Rohan Williams,36,Customer Service,2004-03-08,152814,2004,3,8,False
857,Rohan Chopra,66,Relationship Manager,2020-11-25,179493,2020,11,25,False
858,Robert Rao,23,Customer Service,2007-04-28,146903,2007,4,28,False
859,James Davis,86,Compliance Officer,2014-08-17,108361,2014,8,17,False
860,Thomas Miller,2,Customer Service,2012-12-17,98849,2012,12,17,False
861,Meera Kumar,18,Relationship Manager,2017-06-12,87015,2017,6,12,False
862,Deepak Kapoor,8,Relationship Manager,2021-04-06,153727,2021,4,6,False
863,Vikram Mehta,45,Customer Service,2008-11-13,87698,2008,11,13,False
864,Vikram Johnson,115,Relationship Manager,2004-05-13,115041,2004,5,13,False
865,Thomas Rao,27,Relationship Manager,2010-09-30,42603,2010,9,30,False
866,Linda Menon,149,Loan Officer,2015-07-23,76233,2015,7,23,False
867,James Smith,41,Customer Service,2019-01-27,68456,2019,1,27,False
868,Susan Iyer,7,Branch Manager,2019-02-23,94123,2019,2,23,False
869,Richard Iyer,51,Relationship Manager,2008-08-21,104324,2008,8,21,False
870,Linda Desai,113,Loan Officer,2023-10-16,136907,2023,10,16,False
871,David Rodriguez,16,Relationship Manager,2002-02-11,93640,2002,2,11,False
872,Mary Iyer,11,Customer Service,2002-12-19,50850,2002,12,19,False
873,Sneha Kumar,128,Compliance Officer,2000-08-17,110845,2000,8,17,False
874,Kiran Johnson,89,Teller,2023-07-18,36312,2023,7,18,False
875,Kavya Bose,52,Customer Service,2004-07-30,157057,2004,7,30,False
876,Charles Bose,114,Customer Service,2015-04-15,145126,2015,4,15,False
877,Sarah Kumar,127,Relationship Manager,2020-08-29,62236,2020,8,29,False
878,Richard Kapoor,54,Relationship Manager,2019-06-27,68012,2019,6,27,False
879,Jennifer Chopra,85,Customer Service,2024-02-12,32204,2024,2,12,False
880,Sneha Malhotra,2,Customer Service,2001-05-14,83390,2001,5,14,False
881,Amit Joshi,46,Teller,2010-05-06,33810,2010,5,6,False
882,James Gupta,90,Compliance Officer,2012-11-11,170324,2012,11,11,False
883,Sarah Patel,30,Teller,2017-09-10,48393,2017,9,10,False
884,Barbara Kapoor,149,Customer Service,2015-10-28,128224,2015,10,28,False
885,Michael Garcia,146,Customer Service,2014-03-26,114713,2014,3,26,False
886,Kavya Chatterjee,39,Loan Officer,2007-10-19,64002,2007,10,19,False
887,Rohan Malhotra,60,Teller,2002-09-15,150844,2002,9,15,False
888,Vikram Mehta,29,Teller,2010-12-21,44548,2010,12,21,False
889,Rahul Martinez,76,Relationship Manager,2006-08-07,162794,2006,8,7,False
890,Meera Sharma,19,Branch Manager,2014-02-01,140532,2014,2,1,False
891,Divya Patel,59,Teller,2020-04-04,124537,2020,4,4,False
892,Vikram Kapoor,84,Customer Service,2014-10-26,161708,2014,10,26,False
893,Anjali Malhotra,92,Teller,2001-01-23,89277,2001,1,23,False
894,Karen Singh,90,Relationship Manager,2016-05-20,70808,2016,5,20,False
895,Meera Joshi,34,Teller,2011-03-03,51486,2011,3,3,False
896,Sanjay Pillai,119,Teller,2003-02-22,168504,2003,2,22,False
897,Neha Kumar,104,Teller,2005-06-07,89015,2005,6,7,False
898,Deepak Verma,113,Branch Manager,2023-04-19,154067,2023,4,19,False
899,Rohan Rao,71,Loan Officer,2012-11-26,78527,2012,11,26,False
900,Rahul Gupta,134,Customer Service,2024-10-26,173159,2024,10,26,False
901,Barbara Mehta,59,Loan Officer,2004-07-29,160243,2004,7,29,False
902,Ajay Bose,121,Teller,2007-08-13,74822,2007,8,13,False
903,Vikram Verma,31,Teller,2023-08-21,101981,2023,8,21,False
904,Divya Nair,38,Teller,2004-06-14,148686,2004,6,14,False
905,Charles Johnson,80,Relationship Manager,2016-10-04,62381,2016,10,4,False
906,Suresh Chopra,84,Teller,2005-07-30,31600,2005,7,30,False
907,Patricia Iyer,112,Compliance Officer,2008-06-01,71897,2008,6,1,False
908,Robert Patel,45,Teller,2012-02-21,117769,2012,2,21,False
909,Anita Nair,131,Teller,2009-02-23,48743,2009,2,23,False
910,Pooja Miller,50,Teller,2022-03-24,78675,2022,3,24,False
911,Manoj Rao,81,Teller,2024-09-21,167624,2024,9,21,False
912,Charles Chopra,140,Customer Service,2013-05-07,39411,2013,5,7,False
913,Neha Sharma,81,Branch Manager,2001-05-29,35652,2001,5,29,False
914,Priya Brown,103,Teller,2005-12-14,92425,2005,12,14,False
915,Ajay Verma,137,Customer Service,2001-01-05,29952,2001,1,5,False
916,Neha Garcia,147,Customer Service,2021-10-09,32228,2021,10,9,False
917,Sarah Verma,75,Relationship Manager,2005-10-11,55814,2005,10,11,False
918,Ajay Mehta,63,Compliance Officer,2008-08-28,43542,2008,8,28,False
919,Robert Brown,30,Customer Service,2021-06-02,151252,2021,6,2,False
920,Meera Chopra,81,Relationship Manager,2015-10-18,46651,2015,10,18,False
921,Michael Miller,138,Customer Service,2000-12-23,107566,2000,12,23,False
922,Barbara Desai,74,Loan Officer,2014-04-22,135203,2014,4,22,False
923,Manoj Kumar,53,Customer Service,2014-04-03,123128,2014,4,3,False
924,Pooja Rodriguez,17,Teller,2008-02-08,127388,2008,2,8,False
925,Ajay Reddy,59,Customer Service,2018-12-07,82375,2018,12,7,False
926,Pooja Brown,36,Compliance Officer,2023-08-15,163104,2023,8,15,False
927,Neha Williams,147,Teller,2006-08-01,38439,2006,8,1,False
928,Joseph Pillai,80,Relationship Manager,2008-06-01,44312,2008,6,1,False
929,James Bose,21,Relationship Manager,2008-03-11,158136,2008,3,11,False
930,Jennifer Jones,11,Teller,2001-12-22,38389,2001,12,22,False
931,Richard Rodriguez,128,Branch Manager,2022-10-08,57167,2022,10,8,False
932,Mary Garcia,140,Relationship Manager,2019-09-12,54322,2019,9,12,False
933,Anita Verma,115,Compliance Officer,2012-04-13,33024,2012,4,13,False
934,Sanjay Rodriguez,19,Teller,2022-09-23,45784,2022,9,23,False
935,Ajay Martinez,15,Teller,2019-07-26,115051,2019,7,26,False
936,Anita Nair,30,Customer Service,2007-01-13,128502,2007,1,13,False
937,Suresh Garcia,113,Teller,2001-04-12,40659,2001,4,12,False
938,Meera Desai,115,Teller,2016-09-25,171242,2016,9,25,False
939,Suresh Kumar,126,Teller,2003-09-15,42555,2003,9,15,False
940,Karen Chopra,15,Teller,2024-12-18,132425,2024,12,18,False
941,Susan Garcia,23,Customer Service,2012-01-17,149657,2012,1,17,False
942,Meera Kumar,136,Customer Service,2016-07-16,107158,2016,7,16,False
943,Elizabeth Chatterjee,140,Customer Service,2005-07-10,102724,2005,7,10,False
944,Thomas Garcia,109,Customer Service,2002-08-02,44576,2002,8,2,False
945,Patricia Chopra,16,Loan Officer,2001-08-05,64709,2001,8,5,False
946,Divya Sharma,11,Teller,2009-01-02,157288,2009,1,2,False
947,Neha Malhotra,9,Teller,2000-02-04,80991,2000,2,4,False
948,Patricia Iyer,104,Teller,2010-09-04,33236,2010,9,4,False
949,Elizabeth Bose,127,Teller,2008-04-02,138844,2008,4,2,False
950,Priya Jones,95,Teller,2013-05-22,131915,2013,5,22,False
951,Priya Verma,40,Teller,2014-12-25,38085,2014,12,25,False
952,Divya Rodriguez,114,Teller,2007-11-03,35763,2007,11,3,False
953,David Davis,9,Customer Service,2011-07-27,45705,2011,7,27,False
954,Deepak Martinez,125,Customer Service,2001-12-25,35737,2001,12,25,False
955,Charles Verma,134,Relationship Manager,2007-09-02,121671,2007,9,2,False
956,Manoj Brown,108,Customer Service,2024-11-10,48158,2024,11,10,False
957,Elizabeth Kumar,132,Customer Service,2025-03-11,120259,2025,3,11,False
958,Mary Reddy,88,Teller,2023-11-17,54773,2023,11,17,False
959,John Bose,71,Customer Service,2003-03-12,175814,2003,3,12,False
960,Jessica Kumar,49,Teller,2022-01-21,138340,2022,1,21,False
961,Ajay Jones,139,Loan Officer,2010-07-20,84931,2010,7,20,False
962,Mary Williams,105,Loan Officer,2015-07-26,93164,2015,7,26,False
963,Jessica Gupta,29,Loan Officer,2016-06-28,37891,2016,6,28,False
964,Robert Iyer,144,Teller,2007-10-30,36342,2007,10,30,False
965,Kiran Davis,9,Customer Service,2018-08-22,109705,2018,8,22,False
966,Arjun Malhotra,89,Relationship Manager,2012-09-27,31459,2012,9,27,False
967,Sanjay Rao,29,Customer Service,2009-04-24,125028,2009,4,24,False
968,Rahul Chopra,100,Customer Service,2007-07-28,86129,2007,7,28,False
969,Neha Brown,62,Branch Manager,2018-12-19,49219,2018,12,19,False
970,Sanjay Bose,66,Teller,2006-05-03,109424,2006,5,3,False
971,James Miller,101,Customer Service,2003-02-26,112035,2003,2,26,False
972,Suresh Patel,114,Branch Manager,2022-05-30,141437,2022,5,30,False
973,Pooja Patel,58,Teller,2008-06-07,58060,2008,6,7,False
974,Pooja Bose,150,Teller,2016-04-16,111201,2016,4,16,False
975,Thomas Rodriguez,75,Relationship Manager,2018-03-17,156398,2018,3,17,False
976,Divya Davis,25,Customer Service,2021-04-22,69038,2021,4,22,False
977,Jessica Sharma,1,Loan Officer,2015-11-26,154944,2015,11,26,False
978,John Sharma,31,Customer Service,2021-04-11,137949,2021,4,11,False
979,Deepak Garcia,104,Loan Officer,2023-12-23,93303,2023,12,23,False
980,Elizabeth Garcia,81,Loan Officer,2001-03-10,162245,2001,3,10,False
981,Robert Miller,51,Teller,2018-11-21,174944,2018,11,21,False
982,Vikram Iyer,73,Loan Officer,2004-06-06,64001,2004,6,6,False
983,Elizabeth Sharma,126,Customer Service,2022-08-26,176925,2022,8,26,False
984,Suresh Verma,86,Teller,2001-03-26,28366,2001,3,26,False
985,Charles Kumar,9,Customer Service,2000-02-09,47646,2000,2,9,False
986,James Davis,8,Teller,2000-06-07,34562,2000,6,7,False
987,Ajay Joshi,73,Customer Service,2012-10-24,83892,2012,10,24,False
988,Rohan Chopra,61,Customer Service,2024-09-10,170421,2024,9,10,False
989,David Garcia,128,Customer Service,2013-06-05,119248,2013,6,5,False
990,Arjun Martinez,88,Customer Service,2016-09-20,121720,2016,9,20,False
991,Rohan Garcia,114,Compliance Officer,2014-01-09,40895,2014,1,9,False
992,Mary Rodriguez,88,Branch Manager,2009-10-13,106450,2009,10,13,False
993,Sanjay Sharma,52,Customer Service,2014-12-16,86163,2014,12,16,False
994,Thomas Brown,99,Customer Service,2006-03-19,100872,2006,3,19,False
995,Kavya Smith,94,Teller,2008-09-05,67698,2008,9,5,False
996,Anjali Patel,109,Teller,2003-03-01,58638,2003,3,1,False
997,Vikram Kumar,29,Loan Officer,2022-01-05,172711,2022,1,5,False
998,Arjun Martinez,97,Teller,2008-05-17,112879,2008,5,17,False
999,David Chatterjee,43,Loan Officer,2000-07-29,90561,2000,7,29,False
1000,Elizabeth Verma,119,Loan Officer,2018-07-10,39218,2018,7,10,False
1001,Sarah Joshi,120,Customer Service,2011-06-22,143925,2011,6,22,False
1002,Ritu Davis,94,Teller,2022-09-29,99831,2022,9,29,False
1003,Rohan Reddy,143,Relationship Manager,2007-12-22,86779,2007,12,22,False
1004,Joseph Chopra,81,Loan Officer,2014-07-20,129376,2014,7,20,False
1005,Sanjay Johnson,4,Customer Service,2018-12-06,48035,2018,12,6,False
1006,Ritu Joshi,91,Teller,2015-06-18,109046,2015,6,18,False
1007,Deepak Sharma,117,Loan Officer,2005-04-14,159199,2005,4,14,False
1008,Richard Iyer,16,Teller,2017-04-28,98525,2017,4,28,False
1009,Rahul Mehta,16,Customer Service,2018-11-22,28063,2018,11,22,False
1010,Sneha Kapoor,41,Teller,2003-02-10,62947,2003,2,10,False
1011,Charles Smith,127,Relationship Manager,2004-03-15,36503,2004,3,15,False
1012,Thomas Desai,80,Teller,2017-02-25,104028,2017,2,25,False
1013,Robert Mehta,147,Customer Service,2003-01-09,83386,2003,1,9,False
1014,Barbara Menon,131,Teller,2022-05-17,48128,2022,5,17,False
1015,Priya Iyer,84,Customer Service,2002-10-14,132408,2002,10,14,False
1016,Anjali Mehta,102,Loan Officer,2017-01-24,54844,2017,1,24,False
1017,Suresh Patel,50,Loan Officer,2011-04-05,79939,2011,4,5,False
1018,Linda Desai,14,Teller,2006-10-27,178130,2006,10,27,False
1019,Arjun Bose,60,Teller,2008-10-03,38079,2008,10,3,False
1020,Patricia Joshi,89,Teller,2019-01-09,65651,2019,1,9,False
1021,Arjun Nair,28,Compliance Officer,2005-04-20,76311,2005,4,20,False
1022,Joseph Malhotra,34,Loan Officer,2013-10-18,105327,2013,10,18,False
1023,Charles Sharma,3,Teller,2025-03-27,65237,2025,3,27,False
1024,Rahul Patel,111,Compliance Officer,2006-07-16,175444,2006,7,16,False
1025,Sarah Chopra,135,Teller,2017-08-15,28823,2017,8,15,False
1026,Manoj Williams,125,Loan Officer,2004-05-17,172104,2004,5,17,False
1027,Rohan Kumar,57,Customer Service,2021-03-13,109289,2021,3,13,False
1028,Meera Smith,90,Relationship Manager,2004-04-29,33819,2004,4,29,False
1029,Neha Rao,145,Customer Service,2007-07-25,45730,2007,7,25,False
1030,Richard Iyer,89,Loan Officer,2011-09-02,43663,2011,9,2,False
1031,Sanjay Iyer,45,Compliance Officer,2009-06-02,71699,2009,6,2,False
1032,Thomas Iyer,51,Teller,2004-04-28,78625,2004,4,28,False
1033,Rohan Iyer,110,Compliance Officer,2016-04-16,125460,2016,4,16,False
1034,Jennifer Gupta,67,Relationship Manager,2000-07-02,75302,2000,7,2,False
1035,Robert Patel,126,Relationship Manager,2024-12-30,138217,2024,12,30,False
1036,Amit Rao,130,Teller,2001-04-28,72657,2001,4,28,False
1037,Linda Chopra,6,Teller,2008-06-26,68045,2008,6,26,False
1038,Meera Reddy,109,Customer Service,2023-08-20,69855,2023,8,20,False
1039,Suresh Kapoor,56,Branch Manager,2003-12-10,78037,2003,12,10,False
1040,Kavya Chatterjee,78,Branch Manager,2001-11-08,155336,2001,11,8,False
1041,Pooja Menon,40,Relationship Manager,2018-11-27,65530,2018,11,27,False
1042,Sneha Brown,56,Customer Service,2001-11-10,69535,2001,11,10,False
1043,John Kumar,50,Teller,2022-11-11,173447,2022,11,11,False
1044,Thomas Miller,8,Loan Officer,2011-06-20,127369,2011,6,20,False
1045,Anita Garcia,118,Teller,2022-02-04,56958,2022,2,4,False
1046,Deepak Malhotra,22,Teller,2006-03-25,159963,2006,3,25,False
1047,William Williams,57,Teller,2003-08-03,55843,2003,8,3,False
1048,Anita Chatterjee,29,Relationship Manager,2024-06-19,52641,2024,6,19,False
1049,Joseph Malhotra,25,Customer Service,2023-02-25,95645,2023,2,25,False
1050,Jennifer Menon,57,Branch Manager,2008-02-17,133073,2008,2,17,False
1051,Robert Singh,138,Loan Officer,2010-04-15,56774,2010,4,15,False
1052,Joseph Desai,142,Customer Service,2014-09-02,142506,2014,9,2,False
1053,Patricia Brown,58,Relationship Manager,2011-05-28,51819,2011,5,28,False
1054,John Desai,76,Relationship Manager,2006-03-02,146827,2006,3,2,False
1055,Joseph Jones,148,Branch Manager,2009-07-14,42573,2009,7,14,False
1056,William Martinez,36,Relationship Manager,2015-06-22,98593,2015,6,22,False
1057,Priya Brown,142,Branch Manager,2000-12-17,125306,2000,12,17,False
1058,James Gupta,16,Loan Officer,2008-07-15,68368,2008,7,15,False
1059,Richard Chopra,34,Relationship Manager,2007-06-11,121036,2007,6,11,False
1060,Charles Rodriguez,51,Loan Officer,2001-10-14,132674,2001,10,14,False
1061,Ajay Bose,6,Loan Officer,2003-02-12,126824,2003,2,12,False
1062,Neha Mehta,123,Teller,2012-08-06,88328,2012,8,6,False
1063,Anjali Mehta,129,Branch Manager,2002-08-08,145541,2002,8,8,False
1064,Joseph Pillai,58,Branch Manager,2008-10-06,139212,2008,10,6,False
1065,Charles Gupta,126,Customer Service,2014-04-03,77606,2014,4,3,False
1066,Sarah Sharma,116,Loan Officer,2022-03-17,139479,2022,3,17,False
1067,Anjali Menon,121,Teller,2002-07-05,167600,2002,7,5,False
1068,Ajay Reddy,121,Relationship Manager,2011-01-17,152139,2011,1,17,False
1069,Ajay Mehta,87,Teller,2002-08-13,139447,2002,8,13,False
1070,Pooja Rodriguez,17,Relationship Manager,2010-11-22,144510,2010,11,22,False
1071,Anita Miller,139,Teller,2012-03-18,150315,2012,3,18,False
1072,Priya Garcia,92,Customer Service,2020-04-24,71946,2020,4,24,False
1073,Meera Miller,136,Branch Manager,2011-03-29,137586,2011,3,29,False
1074,Barbara Garcia,144,Relationship Manager,2023-10-11,58312,2023,10,11,False
1075,Joseph Chopra,29,Teller,2003-07-01,82485,2003,7,1,False
1076,Anjali Johnson,61,Relationship Manager,2001-05-08,170048,2001,5,8,False
1077,Jessica Mehta,29,Branch Manager,2000-02-11,71020,2000,2,11,False
1078,Elizabeth Pillai,8,Customer Service,2009-01-24,156230,2009,1,24,False
1079,Priya Chopra,145,Branch Manager,2004-11-26,92222,2004,11,26,False
1080,Susan Gupta,139,Teller,2002-04-30,59899,2002,4,30,False
1081,Anjali Johnson,140,Loan Officer,2005-12-29,42748,2005,12,29,False
1082,Deepak Chatterjee,133,Teller,2024-10-11,111329,2024,10,11,False
1083,Richard Smith,98,Teller,2020-05-03,96594,2020,5,3,False
1084,Rohan Singh,79,Customer Service,2023-04-08,105724,2023,4,8,False
1085,Meera Singh,149,Loan Officer,2005-03-20,34557,2005,3,20,False
1086,Pooja Garcia,83,Teller,2010-04-26,68754,2010,4,26,False
1087,William Chopra,97,Teller,2010-04-17,28599,2010,4,17,False
1088,Sneha Garcia,32,Teller,2019-05-02,73978,2019,5,2,False
1089,Vikram Miller,113,Teller,2018-02-08,169587,2018,2,8,False
1090,Neha Bose,123,Customer Service,2015-02-05,51151,2015,2,5,False
1091,Mary Menon,102,Teller,2015-12-07,132779,2015,12,7,False
1092,Richard Davis,75,Relationship Manager,2018-06-28,28878,2018,6,28,False
1093,Suresh Joshi,30,Teller,2004-09-05,113400,2004,9,5,False
1094,Elizabeth Joshi,6,Teller,2010-01-20,167982,2010,1,20,False
1095,Richard Malhotra,95,Relationship Manager,2002-09-26,79847,2002,9,26,False
1096,Susan Jones,103,Teller,2017-11-23,57968,2017,11,23,False
1097,Linda Rodriguez,116,Loan Officer,2011-02-14,114721,2011,2,14,False
1098,Michael Singh,143,Compliance Officer,2014-05-10,70399,2014,5,10,False
1099,Joseph Menon,75,Relationship Manager,2006-12-15,163519,2006,12,15,False
1100,Suresh Bose,125,Customer Service,2003-07-11,157047,2003,7,11,False
1101,James Gupta,108,Teller,2024-09-22,127161,2024,9,22,False
1102,Barbara Davis,42,Customer Service,2007-06-15,125134,2007,6,15,False
1103,John Pillai,127,Compliance Officer,2002-10-14,119577,2002,10,14,False
1104,Amit Rodriguez,8,Relationship Manager,2007-10-11,139764,2007,10,11,False
1105,David Sharma,90,Teller,2022-12-08,97951,2022,12,8,False
1106,Divya Pillai,142,Loan Officer,2006-08-22,175401,2006,8,22,False
1107,Amit Reddy,99,Teller,2025-01-29,80545,2025,1,29,False
1108,Divya Davis,141,Teller,2011-09-17,29358,2011,9,17,False
1109,Neha Smith,9,Customer Service,2021-11-26,134179,2021,11,26,False
1110,Sarah Gupta,80,Teller,2016-08-06,128658,2016,8,6,False
1111,Suresh Menon,118,Teller,2001-02-11,177109,2001,2,11,False
1112,Karen Gupta,97,Teller,2012-12-11,88089,2012,12,11,False
1113,Kiran Singh,133,Loan Officer,2010-08-06,92563,2010,8,6,False
1114,Meera Davis,70,Teller,2005-02-13,113424,2005,2,13,False
1115,Sneha Malhotra,103,Loan Officer,2013-12-23,87615,2013,12,23,False
1116,Arjun Malhotra,63,Teller,2002-08-13,147298,2002,8,13,False
1117,David Mehta,131,Compliance Officer,2017-09-30,93073,2017,9,30,False
1118,Manoj Malhotra,18,Teller,2020-11-20,147110,2020,11,20,False
1119,Arjun Rao,39,Branch Manager,2002-05-09,92682,2002,5,9,False
1120,Deepak Verma,15,Teller,2012-03-07,62214,2012,3,7,False
1121,David Chopra,106,Teller,2001-07-30,178574,2001,7,30,False
1122,Divya Chatterjee,35,Teller,2009-11-23,108025,2009,11,23,False
1123,Karen Chatterjee,48,Teller,2006-07-24,135430,2006,7,24,False
1124,Linda Miller,126,Teller,2000-12-30,117872,2000,12,30,False
1125,Linda Singh,55,Loan Officer,2020-06-07,82596,2020,6,7,False
1126,Amit Smith,22,Customer Service,2011-04-20,175765,2011,4,20,False
1127,Susan Rao,4,Teller,2019-02-08,84468,2019,2,8,False
1128,Robert Rao,35,Loan Officer,2014-12-02,178950,2014,12,2,False
1129,Sarah Sharma,138,Customer Service,2022-04-05,93481,2022,4,5,False
1130,Neha Menon,83,Teller,2025-05-04,31442,2025,5,4,False
1131,Susan Desai,150,Loan Officer,2015-04-21,33580,2015,4,21,False
1132,Ajay Johnson,33,Teller,2008-12-13,175995,2008,12,13,False
1133,Sanjay Miller,53,Teller,2010-09-30,108228,2010,9,30,False
1134,Rohan Miller,25,Loan Officer,2020-12-23,86920,2020,12,23,False
1135,Kiran Desai,60,Compliance Officer,2010-11-04,151329,2010,11,4,False
1136,Sarah Nair,85,Compliance Officer,2013-03-17,121806,2013,3,17,False
1137,Jennifer Kumar,122,Compliance Officer,2004-12-05,128406,2004,12,5,False
1138,Mary Bose,56,Loan Officer,2025-02-28,132188,2025,2,28,False
1139,Kiran Malhotra,116,Teller,2016-07-16,58159,2016,7,16,False
1140,Ajay Williams,94,Teller,2008-05-23,41416,2008,5,23,False
1141,Pooja Jones,44,Teller,2014-11-14,138661,2014,11,14,False
1142,Robert Verma,137,Teller,2010-03-12,31314,2010,3,12,False
1143,Richard Sharma,66,Teller,2003-12-08,137357,2003,12,8,False
1144,Mary Chopra,23,Loan Officer,2022-03-26,47749,2022,3,26,False
1145,John Jones,145,Teller,2022-07-05,67905,2022,7,5,False
1146,David Verma,138,Teller,2021-03-21,135579,2021,3,21,False
1147,Amit Davis,8,Customer Service,2009-05-13,122676,2009,5,13,False
1148,John Garcia,136,Loan Officer,2006-07-08,146793,2006,7,8,False
1149,Meera Garcia,143,Relationship Manager,2001-04-06,120864,2001,4,6,False
1150,Charles Garcia,125,Teller,2018-08-04,35273,2018,8,4,False
1151,David Reddy,39,Branch Manager,2008-05-01,155647,2008,5,1,False
1152,Rohan Gupta,95,Teller,2022-02-08,60793,2022,2,8,False
1153,Divya Patel,81,Loan Officer,2003-04-04,48682,2003,4,4,False
1154,Richard Iyer,94,Teller,2003-07-26,161537,2003,7,26,False
1155,Mary Chopra,93,Teller,2012-01-17,57615,2012,1,17,False
1156,John Chatterjee,96,Customer Service,2024-04-21,109482,2024,4,21,False
1157,Ritu Nair,78,Teller,2016-09-14,101867,2016,9,14,False
1158,Robert Kapoor,104,Teller,2022-03-30,144965,2022,3,30,False
1159,Neha Chopra,79,Relationship Manager,2015-02-21,34710,2015,2,21,False
1160,Jessica Singh,3,Teller,2020-12-21,44217,2020,12,21,False
1161,Sanjay Jones,6,Customer Service,2021-08-28,91170,2021,8,28,False
1162,John Menon,144,Branch Manager,2021-11-06,99935,2021,11,6,False
1163,Anjali Jones,137,Teller,2010-06-18,147809,2010,6,18,False
1164,Kavya Gupta,88,Loan Officer,2009-09-14,120071,2009,9,14,False
1165,Charles Kapoor,27,Teller,2025-01-11,50604,2025,1,11,False
1166,William Gupta,118,Customer Service,2019-03-24,176789,2019,3,24,False
1167,Meera Davis,22,Teller,2023-04-25,97912,2023,4,25,False
1168,Richard Joshi,57,Teller,2023-08-12,174617,2023,8,12,False
1169,Anita Williams,50,Teller,2018-11-15,178444,2018,11,15,False
1170,Thomas Davis,2,Relationship Manager,2004-07-08,35854,2004,7,8,False
1171,Elizabeth Menon,122,Customer Service,2014-05-29,104899,2014,5,29,False
1172,Sarah Kumar,77,Relationship Manager,2018-08-03,92149,2018,8,3,False
1173,Michael Williams,48,Customer Service,2019-05-05,103745,2019,5,5,False
1174,James Chopra,77,Customer Service,2024-05-03,75110,2024,5,3,False
1175,Barbara Menon,1,Loan Officer,2008-04-23,112936,2008,4,23,False
1176,Robert Williams,66,Relationship Manager,2007-09-10,102813,2007,9,10,False
1177,Sarah Gupta,78,Branch Manager,2024-08-21,56272,2024,8,21,False
1178,Suresh Iyer,51,Loan Officer,2025-01-23,71853,2025,1,23,False
1179,Michael Brown,125,Customer Service,2004-07-27,50368,2004,7,27,False
1180,James Miller,38,Branch Manager,2009-08-13,156227,2009,8,13,False
1181,Robert Garcia,21,Teller,2024-02-05,130957,2024,2,5,False
1182,Anita Garcia,80,Loan Officer,2005-01-28,86904,2005,1,28,False
1183,Barbara Gupta,134,Teller,2019-11-27,88156,2019,11,27,False
1184,Anita Patel,57,Relationship Manager,2002-11-08,40023,2002,11,8,False
1185,Mary Davis,7,Loan Officer,2004-07-13,72065,2004,7,13,False
1186,Susan Rodriguez,146,Relationship Manager,2019-12-13,168512,2019,12,13,False
1187,Thomas Garcia,67,Loan Officer,2015-06-10,32771,2015,6,10,False
1188,Sarah Malhotra,26,Customer Service,2021-10-08,50210,2021,10,8,False
1189,Priya Miller,93,Teller,2007-10-22,156599,2007,10,22,False
1190,Divya Joshi,48,Relationship Manager,2015-06-19,107089,2015,6,19,False
1191,Karen Reddy,141,Loan Officer,2018-10-21,32913,2018,10,21,False
1192,Ritu Bose,45,Teller,2008-06-09,102444,2008,6,9,False
1193,Rohan Kapoor,83,Teller,2011-05-25,141997,2011,5,25,False
1194,David Davis,82,Teller,2013-10-09,80450,2013,10,9,False
1195,Elizabeth Mehta,37,Loan Officer,2021-12-04,86062,2021,12,4,False
1196,Susan Rodriguez,75,Customer Service,2010-01-02,123960,2010,1,2,False
1197,Sneha Brown,17,Relationship Manager,2016-12-24,119000,2016,12,24,False
1198,Elizabeth Davis,97,Customer Service,2023-12-10,165242,2023,12,10,False
1199,Deepak Rodriguez,114,Branch Manager,2019-05-18,65647,2019,5,18,False
1200,Karen Jones,143,Loan Officer,2025-02-16,69962,2025,2,16,False
1201,Suresh Smith,49,Relationship Manager,2014-10-30,51620,2014,10,30,False
1202,Kavya Pillai,43,Relationship Manager,2007-03-02,129067,2007,3,2,False
1203,Susan Nair,83,Teller,2025-03-13,109074,2025,3,13,False
1204,Elizabeth Gupta,104,Compliance Officer,2016-05-19,80736,2016,5,19,False
1205,Pooja Joshi,149,Loan Officer,2006-02-19,133733,2006,2,19,False
1206,Susan Miller,4,Relationship Manager,2008-01-23,85256,2008,1,23,False
1207,David Gupta,36,Compliance Officer,2006-08-31,57714,2006,8,31,False
1208,Kiran Chatterjee,40,Customer Service,2021-03-09,110056,2021,3,9,False
1209,Karen Mehta,39,Teller,2002-05-09,94326,2002,5,9,False
1210,Mary Verma,70,Customer Service,2018-10-21,89620,2018,10,21,False
1211,Anita Davis,131,Teller,2014-01-29,95587,2014,1,29,False
1212,Charles Johnson,5,Customer Service,2001-11-13,166958,2001,11,13,False
1213,Suresh Williams,123,Teller,2015-08-03,60828,2015,8,3,False
1214,Rahul Jones,93,Customer Service,2019-02-21,69923,2019,2,21,False
1215,Linda Malhotra,93,Relationship Manager,2018-06-14,113887,2018,6,14,False
1216,Michael Kapoor,102,Teller,2008-07-10,35098,2008,7,10,False
1217,Sneha Patel,18,Loan Officer,2004-02-29,50182,2004,2,29,False
1218,Mary Malhotra,113,Customer Service,2000-04-23,114083,2000,4,23,False
1219,Susan Jones,38,Loan Officer,2009-02-19,105481,2009,2,19,False
1220,Jennifer Miller,78,Teller,2016-01-25,127228,2016,1,25,False
1221,James Verma,102,Teller,2000-12-15,45241,2000,12,15,False
1222,Deepak Joshi,91,Loan Officer,2025-05-19,157789,2025,5,19,False
1223,Patricia Mehta,49,Customer Service,2014-11-22,101802,2014,11,22,False
1224,James Chatterjee,60,Customer Service,2007-06-27,51564,2007,6,27,False
1225,Kiran Davis,72,Teller,2024-06-14,75363,2024,6,14,False
1226,Linda Chatterjee,7,Loan Officer,2004-09-03,62573,2004,9,3,False
1227,Manoj Williams,109,Loan Officer,2007-02-28,96741,2007,2,28,False
1228,Mary Miller,15,Teller,2009-08-26,99346,2009,8,26,False
1229,Michael Nair,69,Customer Service,2010-10-24,93929,2010,10,24,False
1230,Robert Johnson,99,Teller,2025-04-14,98073,2025,4,14,False
1231,Kavya Chatterjee,13,Branch Manager,2006-05-18,166005,2006,5,18,False
1232,Vikram Desai,150,Relationship Manager,2024-09-22,173790,2024,9,22,False
1233,Karen Reddy,57,Branch Manager,2008-10-25,102470,2008,10,25,False
1234,Elizabeth Martinez,3,Customer Service,2007-04-01,174379,2007,4,1,False
1235,Patricia Williams,99,Teller,2016-03-21,152411,2016,3,21,False
1236,Amit Mehta,84,Teller,2017-08-19,152633,2017,8,19,False
1237,Elizabeth Reddy,97,Teller,2008-10-07,62299,2008,10,7,False
1238,Sneha Chopra,113,Customer Service,2003-05-29,94640,2003,5,29,False
1239,Kavya Mehta,72,Relationship Manager,2010-01-24,81516,2010,1,24,False
1240,Ritu Brown,125,Teller,2013-09-25,42660,2013,9,25,False
1241,Anita Brown,56,Teller,2001-01-06,39413,2001,1,6,False
1242,James Malhotra,82,Teller,2001-12-31,122609,2001,12,31,False
1243,Barbara Jones,24,Customer Service,2023-05-01,91953,2023,5,1,False
1244,Ritu Pillai,93,Customer Service,2000-11-28,153509,2000,11,28,False
1245,Rohan Brown,40,Customer Service,2010-05-05,129642,2010,5,5,False
1246,Vikram Kumar,105,Relationship Manager,2019-06-01,40946,2019,6,1,False
1247,Charles Menon,121,Teller,2008-05-04,155401,2008,5,4,False
1248,Michael Patel,129,Customer Service,2012-07-28,103406,2012,7,28,False
1249,Anjali Johnson,140,Customer Service,2002-03-13,114019,2002,3,13,False
1250,Sanjay Desai,19,Teller,2020-03-10,174784,2020,3,10,False
1251,Meera Garcia,21,Relationship Manager,2016-02-13,125291,2016,2,13,False
1252,Suresh Nair,139,Teller,2021-08-23,31387,2021,8,23,False
1253,Barbara Menon,58,Customer Service,2021-12-14,54944,2021,12,14,False
1254,David Chopra,4,Customer Service,2008-11-30,92804,2008,11,30,False
1255,David Johnson,44,Relationship Manager,2001-01-17,33655,2001,1,17,False
1256,Deepak Bose,126,Branch Manager,2008-10-20,53455,2008,10,20,False
1257,Priya Jones,54,Teller,2003-09-10,148336,2003,9,10,False
1258,Charles Chopra,12,Relationship Manager,2013-07-21,49703,2013,7,21,False
1259,Ajay Mehta,109,Customer Service,2003-09-20,53389,2003,9,20,False
1260,Sneha Rodriguez,30,Branch Manager,2023-06-07,104711,2023,6,7,False
1261,Deepak Gupta,53,Customer Service,2015-04-22,41857,2015,4,22,False
1262,Meera Brown,1,Teller,2006-06-06,66863,2006,6,6,False
1263,Patricia Menon,91,Customer Service,2023-05-31,170509,2023,5,31,False
1264,Joseph Davis,67,Relationship Manager,2011-02-15,123983,2011,2,15,False
1265,Pooja Martinez,131,Teller,2003-09-22,174455,2003,9,22,False
1266,Manoj Nair,51,Loan Officer,2008-09-26,81846,2008,9,26,False
1267,Michael Singh,31,Compliance Officer,2019-06-19,121671,2019,6,19,False
1268,Susan Nair,25,Customer Service,2006-08-28,64261,2006,8,28,False
1269,Priya Nair,31,Relationship Manager,2007-03-10,85552,2007,3,10,False
1270,Divya Rao,68,Loan Officer,2006-04-09,54547,2006,4,9,False
1271,Robert Chatterjee,14,Compliance Officer,2011-05-12,154652,2011,5,12,False
1272,Sneha Verma,61,Teller,2004-02-01,55975,2004,2,1,False
1273,Richard Bose,129,Branch Manager,2010-04-14,59117,2010,4,14,False
1274,William Malhotra,116,Loan Officer,2009-02-03,98498,2009,2,3,False
1275,Rohan Pillai,96,Customer Service,2007-02-12,93267,2007,2,12,False
1276,Thomas Joshi,134,Relationship Manager,2019-09-17,75703,2019,9,17,False
1277,Neha Malhotra,118,Customer Service,2008-06-06,82266,2008,6,6,False
1278,Susan Davis,98,Customer Service,2017-08-31,72843,2017,8,31,False
1279,Manoj Malhotra,130,Loan Officer,2018-04-22,166730,2018,4,22,False
1280,Patricia Chopra,19,Branch Manager,2016-12-03,116216,2016,12,3,False
1281,Suresh Rodriguez,123,Branch Manager,2006-11-05,167806,2006,11,5,False
1282,Mary Singh,45,Teller,2021-01-29,177995,2021,1,29,False
1283,Pooja Davis,110,Branch Manager,2006-01-04,126934,2006,1,4,False
1284,Joseph Nair,137,Relationship Manager,2007-01-16,153500,2007,1,16,False
1285,Jessica Malhotra,75,Customer Service,2022-03-28,44832,2022,3,28,False
1286,James Garcia,14,Customer Service,2008-08-19,172311,2008,8,19,False
1287,Kavya Sharma,56,Loan Officer,2017-09-18,101293,2017,9,18,False
1288,Michael Malhotra,62,Branch Manager,2015-08-12,136442,2015,8,12,False
1289,Arjun Patel,141,Teller,2022-01-29,65289,2022,1,29,False
1290,Rahul Pillai,142,Loan Officer,2018-01-04,42516,2018,1,4,False
1291,Ritu Smith,86,Loan Officer,2014-10-20,162507,2014,10,20,False
1292,Rahul Kumar,143,Teller,2021-07-30,96316,2021,7,30,False
1293,Richard Bose,66,Teller,2007-07-30,49037,2007,7,30,False
1294,Pooja Joshi,62,Customer Service,2009-07-29,128088,2009,7,29,False
1295,Manoj Jones,126,Loan Officer,2001-10-06,36255,2001,10,6,False
1296,Susan Menon,101,Loan Officer,2017-09-30,96471,2017,9,30,False
1297,Jennifer Verma,79,Teller,2018-05-21,135073,2018,5,21,False
1298,Anjali Sharma,69,Branch Manager,2019-01-11,137503,2019,1,11,False
1299,Michael Sharma,106,Loan Officer,2003-03-28,96899,2003,3,28,False
1300,Sneha Kapoor,114,Loan Officer,2016-12-06,84234,2016,12,6,False
1301,Elizabeth Kapoor,74,Customer Service,2019-05-26,155431,2019,5,26,False
1302,Jennifer Iyer,5,Teller,2005-03-06,56079,2005,3,6,False
1303,Sanjay Williams,16,Relationship Manager,2023-03-18,39343,2023,3,18,False
1304,Jennifer Menon,22,Teller,2010-07-17,51840,2010,7,17,False
1305,Arjun Miller,70,Loan Officer,2019-02-21,149763,2019,2,21,False
1306,Kavya Williams,93,Teller,2013-06-24,99425,2013,6,24,False
1307,John Rao,121,Branch Manager,2016-09-18,33674,2016,9,18,False
1308,Linda Gupta,35,Teller,2015-12-03,53653,2015,12,3,False
1309,Divya Mehta,118,Relationship Manager,2016-07-17,32266,2016,7,17,False
1310,Anita Desai,100,Loan Officer,2019-10-22,151793,2019,10,22,False
1311,Robert Williams,8,Customer Service,2022-12-26,98119,2022,12,26,False
1312,Meera Rodriguez,53,Teller,2007-07-07,38345,2007,7,7,False
1313,David Nair,46,Teller,2015-12-16,61636,2015,12,16,False
1314,James Malhotra,133,Loan Officer,2015-02-20,121701,2015,2,20,False
1315,Deepak Mehta,139,Branch Manager,2008-04-30,118245,2008,4,30,False
1316,James Verma,123,Loan Officer,2009-03-30,152531,2009,3,30,False
1317,Priya Mehta,80,Compliance Officer,2007-04-20,31924,2007,4,20,False
1318,Meera Menon,74,Customer Service,2020-10-25,38548,2020,10,25,False
1319,Amit Iyer,47,Compliance Officer,2010-07-23,33379,2010,7,23,False
1320,Amit Desai,116,Teller,2016-05-19,87897,2016,5,19,False
1321,Jessica Malhotra,13,Customer Service,2000-10-16,138526,2000,10,16,False
1322,Jennifer Martinez,41,Customer Service,2001-12-18,128776,2001,12,18,False
1323,Amit Davis,21,Customer Service,2003-08-12,59945,2003,8,12,False
1324,Anjali Malhotra,75,Compliance Officer,2020-03-23,127900,2020,3,23,False
1325,Patricia Miller,45,Customer Service,2022-11-17,127775,2022,11,17,False
1326,Anjali Sharma,30,Relationship Manager,2012-03-26,57091,2012,3,26,False
1327,Sarah Davis,57,Customer Service,2022-06-24,141988,2022,6,24,False
1328,Rohan Mehta,130,Teller,2010-11-09,92188,2010,11,9,False
1329,Michael Rodriguez,84,Customer Service,2024-03-10,37018,2024,3,10,False
1330,Vikram Kapoor,124,Loan Officer,2006-01-10,87368,2006,1,10,False
1331,Linda Pillai,138,Relationship Manager,2010-11-15,145002,2010,11,15,False
1332,Barbara Bose,136,Relationship Manager,2009-11-19,133824,2009,11,19,False
1333,Rahul Pillai,53,Teller,2019-12-05,68800,2019,12,5,False
1334,John Smith,132,Teller,2001-02-09,143049,2001,2,9,False
1335,Charles Patel,137,Teller,2008-01-09,87210,2008,1,9,False
1336,Sneha Miller,144,Loan Officer,2015-02-24,97956,2015,2,24,False
1337,Jennifer Joshi,53,Teller,2003-09-11,41169,2003,9,11,False
1338,Richard Kumar,35,Customer Service,2012-06-15,179554,2012,6,15,False
1339,Joseph Martinez,88,Customer Service,2025-05-04,155471,2025,5,4,False
1340,Arjun Reddy,140,Relationship Manager,2020-12-02,57629,2020,12,2,False
1341,Meera Mehta,136,Teller,2000-10-07,113230,2000,10,7,False
1342,Ritu Iyer,86,Branch Manager,2015-01-15,146614,2015,1,15,False
1343,Linda Iyer,23,Teller,2015-03-08,104709,2015,3,8,False
1344,James Johnson,64,Relationship Manager,2001-09-25,60041,2001,9,25,False
1345,John Patel,108,Teller,2016-07-10,175220,2016,7,10,False
1346,Sneha Sharma,85,Teller,2013-03-29,68858,2013,3,29,False
1347,Michael Bose,52,Teller,2017-04-30,78844,2017,4,30,False
1348,Elizabeth Chatterjee,52,Relationship Manager,2007-07-24,84486,2007,7,24,False
1349,Ritu Chopra,9,Teller,2006-06-30,163398,2006,6,30,False
1350,Suresh Smith,44,Customer Service,2018-09-14,104001,2018,9,14,False
1351,Ritu Chatterjee,101,Customer Service,2018-05-04,137392,2018,5,4,False
1352,David Verma,37,Customer Service,2005-07-01,164984,2005,7,1,False
1353,Vikram Gupta,150,Teller,2014-11-26,169136,2014,11,26,False
1354,Vikram Pillai,13,Teller,2021-01-25,158177,2021,1,25,False
1355,Linda Desai,89,Loan Officer,2005-02-16,165985,2005,2,16,False
1356,Priya Johnson,75,Teller,2005-07-27,172130,2005,7,27,False
1357,Rohan Sharma,125,Customer Service,2020-07-12,178636,2020,7,12,False
1358,Thomas Chopra,134,Loan Officer,2017-09-15,125750,2017,9,15,False
1359,Pooja Reddy,82,Loan Officer,2022-12-06,48014,2022,12,6,False
1360,Arjun Davis,95,Teller,2019-11-29,45223,2019,11,29,False
1361,Rohan Nair,105,Customer Service,2024-03-24,148994,2024,3,24,False
1362,Rahul Chatterjee,79,Teller,2004-10-19,76053,2004,10,19,False
1363,Sanjay Miller,28,Customer Service,2006-11-29,150283,2006,11,29,False
1364,Amit Chopra,65,Teller,2006-01-18,170079,2006,1,18,False
1365,David Chopra,37,Compliance Officer,2001-05-29,125944,2001,5,29,False
1366,Sanjay Desai,70,Customer Service,2019-10-20,144173,2019,10,20,False
1367,Rahul Rodriguez,93,Teller,2016-10-26,70386,2016,10,26,False
1368,Meera Miller,32,Teller,2002-03-09,94049,2002,3,9,False
1369,Michael Reddy,38,Teller,2005-01-13,174702,2005,1,13,False
1370,Sarah Nair,124,Teller,2004-11-05,152161,2004,11,5,False
1371,Deepak Gupta,57,Teller,2010-03-29,59072,2010,3,29,False
1372,Rohan Malhotra,30,Relationship Manager,2011-07-30,170320,2011,7,30,False
1373,Kiran Malhotra,107,Customer Service,2007-05-06,103935,2007,5,6,False
1374,James Davis,108,Teller,2023-08-22,156267,2023,8,22,False
1375,Mary Malhotra,124,Customer Service,2005-05-29,107266,2005,5,29,False
1376,Divya Miller,114,Teller,2014-04-12,119791,2014,4,12,False
1377,Joseph Gupta,149,Compliance Officer,2011-02-17,52598,2011,2,17,False
1378,Rohan Smith,87,Teller,2009-11-07,79476,2009,11,7,False
1379,Sarah Sharma,44,Customer Service,2020-12-26,137824,2020,12,26,False
1380,Thomas Pillai,130,Customer Service,2024-11-12,156043,2024,11,12,False
1381,Kiran Patel,40,Teller,2000-02-24,41507,2000,2,24,False
1382,Patricia Kumar,44,Teller,2011-10-14,39683,2011,10,14,False
1383,Sanjay Brown,125,Loan Officer,2003-01-11,133350,2003,1,11,False
1384,Anjali Kapoor,133,Relationship Manager,2011-01-09,95958,2011,1,9,False
1385,Neha Verma,51,Branch Manager,2015-09-06,156989,2015,9,6,False
1386,Thomas Chopra,110,Customer Service,2010-06-18,38369,2010,6,18,False
1387,Michael Joshi,139,Customer Service,2007-11-09,81108,2007,11,9,False
1388,Arjun Nair,120,Relationship Manager,2007-12-07,33386,2007,12,7,False
1389,Karen Brown,1,Loan Officer,2007-08-15,135831,2007,8,15,False
1390,Michael Iyer,100,Branch Manager,2008-04-11,158393,2008,4,11,False
1391,Joseph Brown,26,Customer Service,2009-07-03,51829,2009,7,3,False
1392,Ajay Patel,127,Teller,2017-06-25,77243,2017,6,25,False
1393,David Johnson,11,Relationship Manager,2002-06-10,156584,2002,6,10,False
1394,Linda Kapoor,149,Teller,2001-01-14,34297,2001,1,14,False
1395,Arjun Martinez,27,Teller,2013-02-17,172708,2013,2,17,False
1396,William Miller,64,Relationship Manager,2017-04-30,162822,2017,4,30,False
1397,Deepak Smith,36,Teller,2006-07-29,51209,2006,7,29,False
1398,Suresh Desai,123,Teller,2005-02-10,49117,2005,2,10,False
1399,Meera Chatterjee,60,Teller,2015-11-17,133162,2015,11,17,False
1400,Deepak Bose,112,Branch Manager,2009-10-06,29534,2009,10,6,False
1401,Elizabeth Johnson,11,Relationship Manager,2018-09-15,104886,2018,9,15,False
1402,William Sharma,68,Teller,2003-09-22,38019,2003,9,22,False
1403,Joseph Menon,137,Teller,2014-01-18,108787,2014,1,18,False
1404,Karen Rao,140,Loan Officer,2009-12-22,81230,2009,12,22,False
1405,Anjali Brown,32,Compliance Officer,2018-07-15,135386,2018,7,15,False
1406,Pooja Jones,60,Teller,2012-11-11,161867,2012,11,11,False
1407,Neha Davis,62,Compliance Officer,2009-01-05,102288,2009,1,5,False
1408,Anjali Menon,85,Relationship Manager,2004-01-22,125548,2004,1,22,False
1409,Neha Garcia,81,Teller,2004-02-25,119249,2004,2,25,False
1410,Jessica Joshi,16,Relationship Manager,2019-03-18,177708,2019,3,18,False
1411,Thomas Singh,115,Customer Service,2005-10-03,63096,2005,10,3,False
1412,Rohan Joshi,34,Branch Manager,2012-10-08,64318,2012,10,8,False
1413,Patricia Bose,48,Loan Officer,2020-10-16,85533,2020,10,16,False
1414,Pooja Martinez,127,Relationship Manager,2022-10-26,139977,2022,10,26,False
1415,Neha Bose,104,Customer Service,2006-10-20,159516,2006,10,20,False
1416,Rahul Garcia,60,Customer Service,2019-09-09,70267,2019,9,9,False
1417,Rohan Rodriguez,137,Compliance Officer,2008-06-01,44705,2008,6,1,False
1418,Divya Miller,60,Loan Officer,2015-02-01,120514,2015,2,1,False
1419,Kiran Brown,85,Relationship Manager,2004-10-18,118831,2004,10,18,False
1420,Amit Williams,37,Relationship Manager,2017-10-22,84965,2017,10,22,False
1421,Charles Garcia,28,Teller,2018-06-26,56011,2018,6,26,False
1422,Robert Brown,74,Teller,2007-08-11,157180,2007,8,11,False
1423,Sanjay Verma,85,Loan Officer,2011-11-28,156674,2011,11,28,False
1424,Deepak Williams,121,Relationship Manager,2008-06-28,141624,2008,6,28,False
1425,Kavya Johnson,59,Teller,2000-10-17,116014,2000,10,17,False
1426,Suresh Menon,135,Customer Service,2003-03-27,67736,2003,3,27,False
1427,Suresh Williams,92,Teller,2024-05-25,89263,2024,5,25,False
1428,Divya Williams,11,Loan Officer,2011-08-04,38401,2011,8,4,False
1429,Anita Smith,111,Customer Service,2003-10-03,65973,2003,10,3,False
1430,Robert Brown,87,Teller,2001-02-14,96466,2001,2,14,False
1431,James Nair,59,Relationship Manager,2008-12-24,94400,2008,12,24,False
1432,William Bose,71,Teller,2024-12-23,40217,2024,12,23,False
1433,Sarah Chopra,46,Relationship Manager,2009-10-12,173557,2009,10,12,False
1434,Pooja Rao,93,Teller,2012-06-09,68772,2012,6,9,False
1435,Charles Williams,86,Compliance Officer,2019-06-01,105399,2019,6,1,False
1436,James Malhotra,68,Customer Service,2019-12-18,98718,2019,12,18,False
1437,William Johnson,43,Teller,2000-09-18,99362,2000,9,18,False
1438,Meera Mehta,60,Teller,2000-02-26,156444,2000,2,26,False
1439,Meera Gupta,75,Teller,2023-06-12,141433,2023,6,12,False
1440,Jessica Desai,71,Customer Service,2023-09-13,159880,2023,9,13,False
1441,Manoj Martinez,47,Relationship Manager,2016-06-01,85615,2016,6,1,False
1442,Rahul Kapoor,88,Loan Officer,2023-06-24,68303,2023,6,24,False
1443,Kiran Patel,34,Loan Officer,2024-02-28,92968,2024,2,28,False
1444,Anjali Nair,76,Customer Service,2007-07-14,113346,2007,7,14,False
1445,Vikram Pillai,19,Branch Manager,2020-10-09,79216,2020,10,9,False
1446,Thomas Kumar,71,Customer Service,2016-06-04,97928,2016,6,4,False
1447,Vikram Gupta,118,Loan Officer,2023-08-01,50939,2023,8,1,False
1448,Susan Patel,123,Customer Service,2003-09-23,116744,2003,9,23,False
1449,Joseph Kumar,105,Compliance Officer,2000-08-15,136499,2000,8,15,False
1450,Sneha Sharma,112,Loan Officer,2009-01-29,108127,2009,1,29,False
1451,Amit Garcia,10,Teller,2000-04-15,160700,2000,4,15,False
1452,Amit Iyer,52,Teller,2011-04-04,179343,2011,4,4,False
1453,Jessica Williams,99,Customer Service,2020-08-12,165650,2020,8,12,False
1454,Thomas Garcia,121,Teller,2008-01-20,42132,2008,1,20,False
1455,James Gupta,88,Relationship Manager,2010-11-07,161882,2010,11,7,False
1456,Sneha Malhotra,129,Customer Service,2009-05-03,78723,2009,5,3,False
1457,Amit Malhotra,41,Branch Manager,2018-08-06,96671,2018,8,6,False
1458,Kiran Davis,24,Customer Service,2006-10-07,90620,2006,10,7,False
1459,Anita Gupta,13,Teller,2002-05-02,71178,2002,5,2,False
1460,Karen Jones,88,Relationship Manager,2012-11-16,161338,2012,11,16,False
1461,John Chopra,100,Teller,2021-02-03,124964,2021,2,3,False
1462,William Davis,43,Customer Service,2012-02-16,174979,2012,2,16,False
1463,Susan Malhotra,118,Relationship Manager,2005-03-10,173115,2005,3,10,False
1464,Jessica Chatterjee,111,Customer Service,2001-03-03,91803,2001,3,3,False
1465,Joseph Singh,55,Relationship Manager,2023-12-28,138511,2023,12,28,False
1466,Thomas Martinez,36,Loan Officer,2019-05-02,104359,2019,5,2,False
1467,Sanjay Pillai,112,Relationship Manager,2003-12-14,103216,2003,12,14,False
1468,Jennifer Singh,101,Customer Service,2001-11-17,140425,2001,11,17,False
1469,Susan Kapoor,26,Customer Service,2003-04-14,132698,2003,4,14,False
1470,Michael Chatterjee,39,Teller,2009-07-27,166585,2009,7,27,False
1471,Richard Desai,73,Teller,2020-08-19,145425,2020,8,19,False
1472,Kavya Williams,77,Customer Service,2004-01-24,122565,2004,1,24,False
1473,Mary Desai,25,Teller,2020-10-22,167728,2020,10,22,False
1474,Susan Chopra,143,Customer Service,2000-01-18,43562,2000,1,18,False
1475,James Miller,59,Relationship Manager,2018-10-10,144008,2018,10,10,False
1476,Ajay Martinez,58,Relationship Manager,2007-03-06,87627,2007,3,6,False
1477,Rahul Chopra,10,Teller,2024-05-30,93844,2024,5,30,False
1478,Elizabeth Miller,132,Relationship Manager,2012-02-04,146814,2012,2,4,False
1479,William Patel,36,Teller,2006-11-16,69588,2006,11,16,False
1480,Robert Singh,149,Loan Officer,2006-03-05,162312,2006,3,5,False
1481,Karen Kapoor,75,Relationship Manager,2010-03-30,103982,2010,3,30,False
1482,Pooja Joshi,132,Teller,2008-12-11,81048,2008,12,11,False
1483,Amit Brown,27,Teller,2018-09-12,77883,2018,9,12,False
1484,Anjali Rodriguez,25,Teller,2013-08-28,91980,2013,8,28,False
1485,Joseph Menon,121,Branch Manager,2016-11-14,171300,2016,11,14,False
1486,Barbara Rao,123,Relationship Manager,2011-04-29,43601,2011,4,29,False
1487,Karen Davis,82,Teller,2001-08-17,105210,2001,8,17,False
1488,William Rodriguez,5,Teller,2000-02-24,154920,2000,2,24,False
1489,Meera Sharma,142,Customer Service,2000-12-29,99752,2000,12,29,False
1490,Linda Reddy,59,Teller,2014-08-07,114034,2014,8,7,False
1491,Karen Rodriguez,141,Customer Service,2013-01-19,80925,2013,1,19,False
1492,Rohan Mehta,131,Relationship Manager,2018-12-31,48704,2018,12,31,False
1493,John Patel,128,Customer Service,2022-09-26,125189,2022,9,26,False
1494,Karen Mehta,104,Relationship Manager,2004-06-08,167833,2004,6,8,False
1495,Charles Jones,101,Branch Manager,2024-04-30,107047,2024,4,30,False
1496,David Mehta,80,Relationship Manager,2023-09-05,93669,2023,9,5,False
1497,Jennifer Joshi,4,Teller,2015-08-27,47615,2015,8,27,False
1498,Mary Jones,59,Teller,2013-06-24,171598,2013,6,24,False
1499,James Martinez,110,Customer Service,2004-06-27,160119,2004,6,27,False
1500,Karen Singh,122,Teller,2004-07-12,165096,2004,7,12,False
1501,Patricia Mehta,84,Relationship Manager,2000-06-22,82569,2000,6,22,False
1502,Ajay Singh,107,Customer Service,2016-06-01,123045,2016,6,1,False
1503,David Reddy,4,Compliance Officer,2011-01-03,93751,2011,1,3,False
1504,Neha Singh,71,Teller,2004-11-16,63667,2004,11,16,False
1505,Arjun Mehta,77,Loan Officer,2003-05-27,59261,2003,5,27,False
1506,Anita Williams,134,Customer Service,2001-08-12,86345,2001,8,12,False
1507,Anjali Chopra,47,Teller,2016-04-16,112116,2016,4,16,False
1508,Robert Patel,35,Branch Manager,2017-06-01,46544,2017,6,1,False
1509,Elizabeth Johnson,53,Customer Service,2016-01-20,134712,2016,1,20,False
1510,David Gupta,26,Compliance Officer,2002-10-24,97580,2002,10,24,False
1511,Jennifer Patel,84,Customer Service,2001-01-18,161937,2001,1,18,False
1512,Richard Williams,97,Teller,2002-09-13,70376,2002,9,13,False
1513,Richard Menon,121,Loan Officer,2019-02-07,35844,2019,2,7,False
1514,Sanjay Miller,146,Customer Service,2018-10-21,75432,2018,10,21,False
1515,Richard Martinez,12,Teller,2007-06-29,175946,2007,6,29,False
1516,Suresh Patel,38,Loan Officer,2001-05-27,76943,2001,5,27,False
1517,Sanjay Bose,46,Teller,2008-02-16,134980,2008,2,16,False
1518,Anjali Chopra,38,Teller,2020-07-31,156180,2020,7,31,False
1519,Robert Malhotra,125,Branch Manager,2003-08-24,71213,2003,8,24,False
1520,Meera Davis,21,Teller,2020-03-26,125674,2020,3,26,False
1521,Vikram Chatterjee,5,Customer Service,2011-10-11,59080,2011,10,11,False
1522,Meera Bose,130,Teller,2003-08-05,83055,2003,8,5,False
1523,Joseph Patel,145,Customer Service,2023-09-26,73005,2023,9,26,False
1524,Ajay Reddy,34,Teller,2017-01-25,130202,2017,1,25,False
1525,Sneha Johnson,50,Relationship Manager,2002-06-15,161110,2002,6,15,False
1526,John Chopra,76,Teller,2009-06-11,66362,2009,6,11,False
1527,Thomas Pillai,79,Branch Manager,2016-01-29,72291,2016,1,29,False
1528,Jennifer Iyer,149,Teller,2001-08-07,152783,2001,8,7,False
1529,Kiran Reddy,61,Teller,2024-01-02,98348,2024,1,2,False
1530,Richard Iyer,2,Loan Officer,2019-12-27,105985,2019,12,27,False
1531,Elizabeth Williams,64,Relationship Manager,2005-04-12,135272,2005,4,12,False
1532,Priya Mehta,84,Relationship Manager,2023-03-12,48913,2023,3,12,False
1533,Sarah Kumar,78,Teller,2017-05-10,160542,2017,5,10,False
1534,Patricia Joshi,77,Teller,2001-06-12,83514,2001,6,12,False
1535,Manoj Joshi,139,Customer Service,2003-04-05,128102,2003,4,5,False
1536,Ritu Iyer,122,Customer Service,2023-06-01,93691,2023,6,1,False
1537,Pooja Pillai,38,Teller,2005-04-29,142472,2005,4,29,False
1538,Vikram Nair,54,Customer Service,2002-06-17,120960,2002,6,17,False
1539,Thomas Kapoor,101,Branch Manager,2013-05-11,54345,2013,5,11,False
1540,Priya Mehta,62,Customer Service,2014-07-26,56552,2014,7,26,False
1541,Rohan Menon,65,Loan Officer,2016-09-29,161365,2016,9,29,False
1542,Michael Chopra,26,Loan Officer,2025-05-21,106979,2025,5,21,False
1543,Patricia Brown,39,Teller,2019-04-19,69909,2019,4,19,False
1544,David Williams,112,Customer Service,2000-08-28,49775,2000,8,28,False
1545,Charles Gupta,127,Teller,2002-04-02,47513,2002,4,2,False
1546,Michael Nair,118,Customer Service,2000-01-03,167825,2000,1,3,False
1547,Robert Singh,47,Customer Service,2010-01-16,176389,2010,1,16,False
1548,Ritu Iyer,21,Customer Service,2008-11-26,87811,2008,11,26,False
1549,Jessica Nair,24,Teller,2023-09-23,58649,2023,9,23,False
1550,Amit Joshi,60,Teller,2000-10-11,91669,2000,10,11,False
1551,Rohan Sharma,78,Loan Officer,2022-06-18,48771,2022,6,18,False
1552,Pooja Iyer,134,Customer Service,2006-08-13,111547,2006,8,13,False
1553,Pooja Reddy,135,Relationship Manager,2023-03-12,123155,2023,3,12,False
1554,Richard Iyer,1,Loan Officer,2022-05-18,177763,2022,5,18,False
1555,Ritu Menon,107,Relationship Manager,2020-10-31,76467,2020,10,31,False
1556,Jessica Pillai,45,Teller,2003-08-22,58067,2003,8,22,False
1557,Ritu Nair,30,Loan Officer,2015-11-30,48269,2015,11,30,False
1558,Thomas Patel,84,Teller,2010-06-22,85329,2010,6,22,False
1559,Robert Rao,6,Customer Service,2015-12-24,119370,2015,12,24,False
1560,Sanjay Garcia,51,Teller,2018-12-16,38127,2018,12,16,False
1561,Mary Gupta,83,Teller,2012-09-24,143365,2012,9,24,False
1562,Sanjay Miller,41,Customer Service,2007-12-11,97936,2007,12,11,False
1563,Mary Jones,90,Branch Manager,2023-04-16,148566,2023,4,16,False
1564,William Williams,70,Teller,2016-11-08,98468,2016,11,8,False
1565,Sneha Rao,120,Teller,2022-07-04,51637,2022,7,4,False
1566,Kiran Smith,28,Branch Manager,2006-01-10,31262,2006,1,10,False
1567,Thomas Kapoor,9,Teller,2021-04-21,112643,2021,4,21,False
1568,Robert Gupta,80,Teller,2008-03-21,109994,2008,3,21,False
1569,Elizabeth Sharma,39,Customer Service,2011-09-14,151679,2011,9,14,False
1570,Anjali Malhotra,107,Teller,2021-11-13,161342,2021,11,13,False
1571,Rahul Reddy,14,Customer Service,2009-01-05,52485,2009,1,5,False
1572,Robert Chopra,87,Loan Officer,2006-05-14,75832,2006,5,14,False
1573,Jessica Kumar,149,Teller,2023-04-09,59567,2023,4,9,False
1574,David Smith,14,Teller,2024-07-04,44220,2024,7,4,False
1575,Linda Miller,46,Teller,2007-11-27,28366,2007,11,27,False
1576,Ritu Rao,127,Teller,2007-10-14,40511,2007,10,14,False
1577,Vikram Menon,81,Teller,2005-10-14,107744,2005,10,14,False
1578,Linda Jones,27,Relationship Manager,2000-08-06,51083,2000,8,6,False
1579,Neha Brown,32,Relationship Manager,2006-06-24,57591,2006,6,24,False
1580,Thomas Pillai,115,Loan Officer,2021-07-31,45910,2021,7,31,False
1581,John Menon,130,Customer Service,2004-05-08,138084,2004,5,8,False
1582,Charles Garcia,55,Customer Service,2016-02-23,124623,2016,2,23,False
1583,Linda Gupta,72,Relationship Manager,2012-11-17,174256,2012,11,17,False
1584,David Mehta,118,Teller,2015-07-21,44947,2015,7,21,False
1585,Anjali Garcia,27,Teller,2002-11-12,59730,2002,11,12,False
1586,Rahul Martinez,31,Teller,2011-11-10,97266,2011,11,10,False
1587,Jennifer Verma,117,Teller,2015-11-29,126662,2015,11,29,False
1588,Ritu Kapoor,28,Teller,2008-08-30,47772,2008,8,30,False
1589,Amit Martinez,116,Relationship Manager,2022-03-27,60198,2022,3,27,False
1590,Suresh Gupta,75,Relationship Manager,2013-06-16,92069,2013,6,16,False
1591,Pooja Rodriguez,149,Teller,2009-03-19,30737,2009,3,19,False
1592,Susan Chopra,5,Loan Officer,2000-10-13,88081,2000,10,13,False
1593,Rohan Jones,142,Loan Officer,2004-04-13,143300,2004,4,13,False
1594,Rohan Miller,34,Loan Officer,2012-02-11,108049,2012,2,11,False
1595,Rahul Davis,6,Customer Service,2010-03-02,93968,2010,3,2,False
1596,David Joshi,109,Teller,2022-02-24,102163,2022,2,24,False
1597,Susan Pillai,80,Relationship Manager,2019-12-23,171911,2019,12,23,False
1598,David Nair,126,Compliance Officer,2004-01-15,107106,2004,1,15,False
1599,Richard Jones,17,Customer Service,2015-01-12,109211,2015,1,12,False
1600,Michael Chopra,13,Customer Service,2011-07-20,169484,2011,7,20,False
1601,Mary Iyer,86,Branch Manager,2002-07-27,51937,2002,7,27,False
1602,Kiran Chatterjee,133,Teller,2016-12-03,42586,2016,12,3,False
1603,Patricia Sharma,61,Teller,2013-08-26,96365,2013,8,26,False
1604,Anjali Menon,120,Customer Service,2002-03-22,76424,2002,3,22,False
1605,James Bose,136,Teller,2011-11-24,58839,2011,11,24,False
1606,Sanjay Miller,131,Relationship Manager,2018-08-06,46164,2018,8,6,False
1607,Susan Kumar,77,Loan Officer,2008-04-24,161460,2008,4,24,False
1608,Rohan Rodriguez,105,Loan Officer,2002-10-19,121372,2002,10,19,False
1609,Barbara Sharma,79,Teller,2005-03-11,133017,2005,3,11,False
1610,Anita Davis,102,Compliance Officer,2024-12-07,45948,2024,12,7,False
1611,Charles Singh,86,Teller,2015-10-11,79868,2015,10,11,False
1612,Rohan Davis,79,Teller,2004-06-22,122366,2004,6,22,False
1613,Thomas Kapoor,66,Teller,2012-04-08,108228,2012,4,8,False
1614,Rohan Rao,98,Customer Service,2004-11-24,133622,2004,11,24,False
1615,Manoj Chopra,113,Compliance Officer,2011-04-02,129760,2011,4,2,False
1616,Sarah Menon,138,Teller,2003-09-13,90827,2003,9,13,False
1617,Joseph Smith,92,Relationship Manager,2015-09-23,146994,2015,9,23,False
1618,Jennifer Menon,16,Teller,2014-06-29,67463,2014,6,29,False
1619,Joseph Brown,89,Customer Service,2016-02-06,40182,2016,2,6,False
1620,Jennifer Nair,48,Teller,2011-04-11,166833,2011,4,11,False
1621,Linda Sharma,5,Loan Officer,2007-04-08,31422,2007,4,8,False
1622,Ajay Kapoor,11,Customer Service,2006-05-05,71117,2006,5,5,False
1623,Patricia Kumar,89,Branch Manager,2005-06-20,45396,2005,6,20,False
1624,Karen Chatterjee,142,Teller,2010-11-30,63238,2010,11,30,False
1625,Ritu Gupta,76,Relationship Manager,2011-06-22,88039,2011,6,22,False
1626,Ajay Joshi,67,Compliance Officer,2017-02-12,47700,2017,2,12,False
1627,Michael Martinez,14,Loan Officer,2001-05-01,98939,2001,5,1,False
1628,Michael Miller,102,Customer Service,2007-02-28,168953,2007,2,28,False
1629,Jessica Verma,9,Customer Service,2021-09-01,48742,2021,9,1,False
1630,Priya Nair,127,Teller,2023-04-06,168840,2023,4,6,False
1631,Ajay Singh,123,Relationship Manager,2023-08-29,90495,2023,8,29,False
1632,William Bose,149,Teller,2007-10-14,118053,2007,10,14,False
1633,Michael Miller,43,Customer Service,2005-01-13,95126,2005,1,13,False
1634,David Martinez,25,Teller,2003-05-09,76128,2003,5,9,False
1635,Suresh Pillai,45,Teller,2022-06-14,44581,2022,6,14,False
1636,Mary Patel,120,Branch Manager,2020-08-07,118187,2020,8,7,False
1637,Jessica Davis,33,Branch Manager,2018-07-19,167332,2018,7,19,False
1638,Robert Menon,134,Relationship Manager,2008-09-20,107159,2008,9,20,False
1639,Michael Patel,24,Compliance Officer,2012-02-02,119070,2012,2,2,False
1640,Deepak Menon,8,Teller,2021-05-21,125849,2021,5,21,False
1641,James Joshi,33,Teller,2020-09-11,87057,2020,9,11,False
1642,Susan Joshi,114,Loan Officer,2013-03-09,46331,2013,3,9,False
1643,Deepak Rao,91,Loan Officer,2021-04-15,105049,2021,4,15,False
1644,Sneha Malhotra,54,Loan Officer,2008-10-23,160077,2008,10,23,False
1645,John Pillai,99,Relationship Manager,2010-07-05,75758,2010,7,5,False
1646,Karen Rodriguez,98,Customer Service,2021-05-04,160463,2021,5,4,False
1647,Ajay Johnson,84,Teller,2009-07-26,157858,2009,7,26,False
1648,Thomas Martinez,78,Loan Officer,2019-02-12,65210,2019,2,12,False
1649,Rohan Kapoor,16,Customer Service,2011-07-09,115402,2011,7,9,False
1650,Rohan Reddy,39,Loan Officer,2007-07-28,141628,2007,7,28,False
1651,Arjun Williams,80,Teller,2005-07-24,103224,2005,7,24,False
1652,Linda Reddy,21,Loan Officer,2015-06-02,134304,2015,6,2,False
1653,Ritu Garcia,72,Loan Officer,2009-05-22,166454,2009,5,22,False
1654,Meera Nair,18,Teller,2018-11-20,123345,2018,11,20,False
1655,Jennifer Rao,119,Customer Service,2000-01-10,155372,2000,1,10,False
1656,Manoj Kapoor,16,Teller,2002-05-05,149746,2002,5,5,False
1657,Manoj Gupta,14,Customer Service,2024-06-11,151545,2024,6,11,False
1658,Pooja Gupta,96,Branch Manager,2016-11-11,157558,2016,11,11,False
1659,Jessica Singh,34,Relationship Manager,2013-12-20,62292,2013,12,20,False
1660,Karen Chopra,53,Teller,2000-05-16,30789,2000,5,16,False
1661,Ritu Bose,48,Teller,2015-03-18,51274,2015,3,18,False
1662,Michael Sharma,33,Teller,2011-01-19,65949,2011,1,19,False
1663,Manoj Gupta,115,Loan Officer,2015-03-31,132894,2015,3,31,False
1664,Deepak Martinez,104,Teller,2001-01-15,105511,2001,1,15,False
1665,Arjun Nair,36,Customer Service,2013-12-29,99233,2013,12,29,False
1666,Susan Brown,104,Teller,2014-09-08,29379,2014,9,8,False
1667,Priya Gupta,108,Teller,2007-05-16,131924,2007,5,16,False
1668,John Garcia,81,Loan Officer,2001-05-21,83365,2001,5,21,False
1669,Kiran Nair,87,Customer Service,2024-09-10,143615,2024,9,10,False
1670,Joseph Chatterjee,141,Relationship Manager,2018-01-11,45139,2018,1,11,False
1671,John Menon,69,Customer Service,2015-10-19,72887,2015,10,19,False
1672,Divya Patel,58,Customer Service,2019-06-30,36314,2019,6,30,False
1673,Neha Johnson,81,Customer Service,2017-01-19,71266,2017,1,19,False
1674,Vikram Miller,126,Customer Service,2003-06-01,168350,2003,6,1,False
1675,John Brown,107,Teller,2011-07-23,102606,2011,7,23,False
1676,Pooja Chopra,12,Customer Service,2022-08-02,94812,2022,8,2,False
1677,Neha Menon,69,Customer Service,2007-04-26,69579,2007,4,26,False
1678,Divya Reddy,111,Teller,2024-09-16,68260,2024,9,16,False
1679,Manoj Garcia,34,Customer Service,2001-08-20,129428,2001,8,20,False
1680,William Smith,149,Loan Officer,2008-05-28,177746,2008,5,28,False
1681,William Menon,122,Branch Manager,2008-11-25,141503,2008,11,25,False
1682,Deepak Martinez,127,Teller,2015-09-10,140022,2015,9,10,False
1683,Rohan Brown,13,Customer Service,2004-06-22,99749,2004,6,22,False
1684,Sarah Garcia,87,Relationship Manager,2005-10-28,42993,2005,10,28,False
1685,Barbara Davis,80,Teller,2007-03-27,138017,2007,3,27,False
1686,Neha Kapoor,95,Loan Officer,2022-05-04,150926,2022,5,4,False
1687,Pooja Desai,128,Teller,2022-02-11,105586,2022,2,11,False
1688,James Rodriguez,53,Teller,2007-09-11,41909,2007,9,11,False
1689,Priya Singh,81,Compliance Officer,2014-03-26,136356,2014,3,26,False
1690,Meera Johnson,102,Loan Officer,2008-06-17,168001,2008,6,17,False
1691,Barbara Smith,113,Loan Officer,2008-10-06,62195,2008,10,6,False
1692,Barbara Johnson,116,Teller,2017-01-13,52235,2017,1,13,False
1693,Anjali Joshi,51,Compliance Officer,2007-06-14,140304,2007,6,14,False
1694,John Rao,150,Teller,2003-10-17,78437,2003,10,17,False
1695,Thomas Bose,2,Customer Service,2006-08-02,136698,2006,8,2,False
1696,Charles Smith,74,Teller,2023-08-15,134882,2023,8,15,False
1697,Divya Smith,92,Teller,2006-08-04,68524,2006,8,4,False
1698,Jennifer Chatterjee,10,Customer Service,2009-03-31,34423,2009,3,31,False
1699,Sarah Brown,68,Teller,2015-12-25,112507,2015,12,25,False
1700,Michael Jones,90,Customer Service,2002-07-28,89980,2002,7,28,False
1701,Divya Nair,92,Teller,2006-10-28,158007,2006,10,28,False
1702,Vikram Mehta,18,Customer Service,2004-06-09,82412,2004,6,9,False
1703,Anita Miller,42,Customer Service,2023-06-29,65927,2023,6,29,False
1704,Thomas Patel,37,Customer Service,2023-09-15,158747,2023,9,15,False
1705,Michael Singh,96,Teller,2019-03-17,139868,2019,3,17,False
1706,Deepak Patel,50,Customer Service,2006-04-13,121991,2006,4,13,False
1707,Neha Verma,86,Compliance Officer,2015-09-01,173002,2015,9,1,False
1708,Susan Williams,110,Teller,2016-10-30,147015,2016,10,30,False
1709,Thomas Patel,120,Teller,2022-02-04,159668,2022,2,4,False
1710,Rahul Bose,28,Relationship Manager,2003-12-20,149448,2003,12,20,False
1711,Rahul Mehta,136,Teller,2018-09-17,89031,2018,9,17,False
1712,Charles Desai,25,Customer Service,2004-12-06,37478,2004,12,6,False
1713,Richard Brown,4,Customer Service,2014-06-15,120295,2014,6,15,False
1714,Arjun Smith,7,Teller,2022-05-06,144263,2022,5,6,False
1715,Neha Reddy,31,Customer Service,2001-07-30,178749,2001,7,30,False
1716,Sneha Garcia,131,Customer Service,2003-10-06,131604,2003,10,6,False
1717,John Rao,32,Teller,2020-08-31,114402,2020,8,31,False
1718,Karen Joshi,105,Relationship Manager,2000-06-23,115508,2000,6,23,False
1719,Vikram Sharma,63,Teller,2017-05-31,45484,2017,5,31,False
1720,Kiran Reddy,6,Loan Officer,2008-10-22,29120,2008,10,22,False
1721,Rohan Singh,67,Relationship Manager,2021-12-04,34905,2021,12,4,False
1722,Joseph Jones,5,Teller,2021-07-29,165541,2021,7,29,False
1723,Priya Desai,72,Relationship Manager,2000-02-11,148127,2000,2,11,False
1724,Linda Miller,84,Teller,2003-04-04,67546,2003,4,4,False
1725,Patricia Bose,79,Loan Officer,2002-09-23,92391,2002,9,23,False
1726,Arjun Kapoor,43,Teller,2024-12-18,101509,2024,12,18,False
1727,Meera Jones,115,Customer Service,2015-03-03,65515,2015,3,3,False
1728,Ritu Kumar,90,Customer Service,2017-03-14,92246,2017,3,14,False
1729,Amit Garcia,39,Relationship Manager,2005-11-13,80846,2005,11,13,False
1730,Mary Rao,66,Compliance Officer,2021-08-14,133607,2021,8,14,False
1731,Meera Pillai,17,Customer Service,2018-05-14,143120,2018,5,14,False
1732,Charles Pillai,139,Customer Service,2019-02-12,42961,2019,2,12,False
1733,Barbara Desai,113,Branch Manager,2011-11-25,98717,2011,11,25,False
1734,Anjali Iyer,44,Relationship Manager,2017-09-29,178667,2017,9,29,False
1735,Pooja Reddy,102,Customer Service,2013-10-29,160011,2013,10,29,False
1736,Pooja Martinez,102,Relationship Manager,2009-10-09,148652,2009,10,9,False
1737,Barbara Joshi,92,Teller,2015-02-09,139708,2015,2,9,False
1738,Meera Iyer,9,Loan Officer,2008-03-29,28657,2008,3,29,False
1739,Charles Malhotra,132,Customer Service,2024-03-20,176050,2024,3,20,False
1740,Rohan Sharma,144,Teller,2018-10-12,139748,2018,10,12,False
1741,Pooja Chopra,147,Teller,2018-03-20,163052,2018,3,20,False
1742,Arjun Miller,148,Compliance Officer,2011-05-24,166152,2011,5,24,False
1743,Linda Chopra,140,Loan Officer,2005-04-13,66691,2005,4,13,False
1744,Richard Johnson,111,Teller,2014-06-14,30100,2014,6,14,False
1745,Joseph Brown,9,Teller,2001-10-06,128177,2001,10,6,False
1746,Kiran Sharma,70,Loan Officer,2007-06-27,97764,2007,6,27,False
1747,Rahul Iyer,37,Customer Service,2014-08-08,31122,2014,8,8,False
1748,Jessica Kumar,33,Relationship Manager,2012-06-10,69162,2012,6,10,False
1749,Pooja Sharma,125,Compliance Officer,2023-12-02,178648,2023,12,2,False
1750,Pooja Smith,122,Customer Service,2015-08-07,83232,2015,8,7,False
1751,Thomas Martinez,79,Customer Service,2010-06-16,67672,2010,6,16,False
1752,Thomas Patel,111,Teller,2010-11-05,127491,2010,11,5,False
1753,Anjali Reddy,20,Relationship Manager,2015-07-18,129048,2015,7,18,False
1754,Amit Kapoor,34,Teller,2020-02-09,78480,2020,2,9,False
1755,Michael Davis,130,Teller,2007-01-11,157071,2007,1,11,False
1756,Rahul Mehta,68,Compliance Officer,2014-11-09,116206,2014,11,9,False
1757,Sneha Mehta,82,Relationship Manager,2014-08-10,52390,2014,8,10,False
1758,Anita Malhotra,70,Teller,2000-03-28,77397,2000,3,28,False
1759,Rahul Nair,31,Customer Service,2023-03-14,156877,2023,3,14,False
1760,Deepak Bose,124,Loan Officer,2014-06-25,41577,2014,6,25,False
1761,Susan Miller,114,Teller,2006-02-25,29861,2006,2,25,False
1762,Sarah Kumar,103,Teller,2016-02-07,127788,2016,2,7,False
1763,Linda Johnson,53,Teller,2017-03-24,95180,2017,3,24,False
1764,Neha Brown,97,Branch Manager,2023-04-06,66430,2023,4,6,False
1765,Thomas Chatterjee,143,Loan Officer,2000-11-12,99749,2000,11,12,False
1766,Joseph Iyer,98,Branch Manager,2010-07-07,55904,2010,7,7,False
1767,Kavya Mehta,75,Teller,2004-07-30,84861,2004,7,30,False
1768,Thomas Mehta,41,Relationship Manager,2014-08-07,63553,2014,8,7,False
1769,Karen Singh,79,Customer Service,2012-09-30,117130,2012,9,30,False
1770,Charles Davis,56,Relationship Manager,2012-01-27,130392,2012,1,27,False
1771,David Garcia,92,Teller,2024-12-16,167056,2024,12,16,False
1772,Jennifer Johnson,7,Customer Service,2013-07-06,38297,2013,7,6,False
1773,Manoj Chatterjee,29,Relationship Manager,2010-06-12,77702,2010,6,12,False
1774,Patricia Miller,119,Teller,2001-09-16,68195,2001,9,16,False
1775,Susan Rao,58,Teller,2007-05-12,116047,2007,5,12,False
1776,Arjun Patel,65,Teller,2022-10-21,109035,2022,10,21,False
1777,Jennifer Jones,82,Teller,2011-06-24,161374,2011,6,24,False
1778,Neha Gupta,66,Loan Officer,2023-02-20,167690,2023,2,20,False
1779,Pooja Williams,114,Teller,2013-07-15,145495,2013,7,15,False
1780,Arjun Garcia,37,Teller,2013-12-05,58234,2013,12,5,False
1781,Richard Jones,114,Customer Service,2010-12-04,34191,2010,12,4,False
1782,James Bose,32,Teller,2014-02-22,164672,2014,2,22,False
1783,Anjali Rao,56,Teller,2001-09-11,171304,2001,9,11,False
1784,Susan Joshi,89,Customer Service,2001-06-18,66058,2001,6,18,False
1785,Manoj Patel,133,Teller,2012-02-03,35090,2012,2,3,False
1786,William Miller,35,Teller,2015-03-13,131451,2015,3,13,False
1787,Michael Mehta,89,Teller,2013-12-31,117491,2013,12,31,False
1788,Sanjay Joshi,10,Teller,2010-11-27,163102,2010,11,27,False
1789,Kiran Nair,12,Loan Officer,2007-06-22,115453,2007,6,22,False
1790,Suresh Smith,116,Teller,2018-01-08,143572,2018,1,8,False
1791,Pooja Martinez,108,Teller,2001-03-13,147531,2001,3,13,False
1792,David Joshi,57,Compliance Officer,2011-07-01,29488,2011,7,1,False
1793,Deepak Nair,94,Relationship Manager,2018-01-25,50563,2018,1,25,False
1794,Arjun Pillai,58,Teller,2019-12-06,146561,2019,12,6,False
1795,Linda Nair,42,Teller,2007-04-17,55264,2007,4,17,False
1796,Jennifer Smith,65,Loan Officer,2023-07-05,59331,2023,7,5,False
1797,Suresh Desai,47,Relationship Manager,2016-07-24,142320,2016,7,24,False
1798,Barbara Chopra,123,Relationship Manager,2011-02-14,59085,2011,2,14,False
1799,Sanjay Kumar,62,Teller,2015-12-09,50724,2015,12,9,False
1800,Jennifer Menon,49,Teller,2022-02-24,30049,2022,2,24,False
